学籍番号,学科名,第一希望,第二希望,第三希望
S00001,臨床工学技士科,和泉市立総合医療センター（指定管理者医療法人徳洲会）,社会医療法人 弘道会守口生野記念病院・なにわ生野病院・萱島生野病院・寝屋川生野病院,医療法人春秋会城山病院
S00002,専攻科,医療法人仁風会 牧野病院・社会福祉法人光風会 たちばなの里,社会医療法人大阪国際メディカル＆サイエンスセンター大阪けいさつ病院,医療法人 青松会 河西田村病院                                    介護老人保健施設パインドーム
S00003,情報学科,医療法人 徳洲会 八尾徳洲会総合病院,社会医療法人 畿内会岡波総合病院,医療法人 尚和会宝塚第一病院  宝塚リハビリテーション病院
S00004,医療心理科,株式会社 Ｔ’Ｓコーポレーショングループ,医療法人 正正会 分野病院,株式会社スバコ・ケア・エンジニアリング
S00005,鍼灸スポーツ学科,西院ＦＲＥＥ整骨院,にほん整体株式会社,（株）ｉｎｄｏｍｉｔａｂｌｅ筋膜専門なごみ鍼灸整骨院
S00006,柔道整復スポーツ学科,株式会社 健革ＪＡＰＡＮ健スマ整骨院,株式会社 Ｙ・Ｏ・Ｉ ＪＡＰＡＮ,児童発達支援・放課後等デイサービスＬＵＭＯ（株式会社 Ｇｏｔｏｓｃｈｏｏｌグループ募集）
S00007,保健保育科,社会福祉法人 ヒューマンライツ福祉協会,社会福祉法人 基弘会,株式会社 Ｓｍｉｌｅ Ｇｒｏｕｐ
S00008,精神保健福祉科,社会福祉法人 ヒューマンライツ福祉協会,医療法人 恒昭会（藍野病院・藍野花園病院・青葉丘病院）,公益財団法人総合病院浅香山病院
S00009,介護福祉学科,社会医療法人 三宝会南港病院,医療法人 鴻池会介護老人保健施設 鴻池荘/グループホーム琴弾の家,平成医療福祉グループ【医療部門】
S00010,医療福祉総合学科,社会医療法人ささき会藍の都脳神経外科病院,社会医療法人甲友会西宮協立脳神経外科病院西宮協立リハビリテーション病院,社会福祉法人 弘道福祉会
S00011,鍼灸スポーツ学科,株式会社 ＴＡＧたぶし鍼灸整骨院グループ,（株）ｉｎｄｏｍｉｔａｂｌｅ筋膜専門なごみ鍼灸整骨院,(有) Ｏｐｔｉｍａｌにしむら鍼灸接骨院グループ
S00012,鍼灸師学科,株式会社ＥｔｅｒｎａlＳｍｉｌｅ,くまのみ整骨院・鍼灸院グループ株式会社くまのみ,ｉＣｕｒｅテクノロジー株式会社iCure鍼灸接骨院グループ
S00013,柔道整復師学科,（株）ＨＩＴＯＭＩＯテクノロジーズ・ReCORE鍼灸接骨院グループ,ＭＡＩＬＥ株式会社まいれ整骨院グループ,縁～en～鍼灸整骨院
S00014,診療放射線技師学科,社会医療法人 協和会加納総合病院ハートフルクリニック北大阪病院淀川介護老人保健施設ハートフル,社会医療法人 祐生会 みどりヶ丘病院茨木みどりヶ丘病院,医療法人 藤井会
S00015,介護福祉学科,社会医療法人 大道会,医療法人 新生会総合病院高の原中央病院,社会福祉法人京都府社会福祉事業団
S00016,鍼灸スポーツ学科,株式会社 ＴＡＧたぶし鍼灸整骨院グループ,モリワキメディカルグループ,有限会社 トータルケアまえいけあさひ鍼灸整骨院
S00017,作業療法士学科,株式会社絆ホールディングス,社会福祉連携推進法人 日の出医療福祉グループ,医療法人社団 兼誠会つかぐち病院
S00018,医療総合学科,トータルヘルスケアサービスホロニクスグループ医療法人医誠会,一般社団法人 水口病院,社会医療法人 弘道会守口生野記念病院・なにわ生野病院・萱島生野病院・寝屋川生野病院
S00019,臨床工学技士学科,社会医療法人 祐生会 みどりヶ丘病院茨木みどりヶ丘病院,社会医療法人 弘道会守口生野記念病院・なにわ生野病院・萱島生野病院・寝屋川生野病院,医療法人 藤井会
S00020,臨床工学技士科,シップヘルスケアホールディングス株式会社（シップヘルスケアグループ）,社会医療法人 弘道会守口生野記念病院・なにわ生野病院・萱島生野病院・寝屋川生野病院,社会医療法人 祥和会脳神経センター大田記念病院
S00021,医療心理科,医療法人 正正会 分野病院,株式会社 ミック・ジャパン【ミック健康の森】【ドラッグミック】【ローソンドラッグミック】,社会福祉法人 ヒューマンライツ福祉協会
S00022,鍼灸スポーツ学科,にほん整体株式会社,MOVEACTION株式会社,株式会社 マーサメディカル
S00023,スポーツ科学科,ＭＡＩＬＥ株式会社まいれ整骨院グループ,医療法人社団 創生会,株式会社 春
S00024,社会福祉専攻科,株式会社 シーアイ・パートナーズグループ,社会福祉法人 南湖会【障がい児者支援事業】,
S00025,保健保育科,社会福祉法人 成光苑（特養7施設・保育7園など）,社会医療法人ペガサス馬場記念病院,株式会社スバコ・ケア・エンジニアリング
S00026,救急救命士学科,社会医療法人 祐生会 みどりヶ丘病院茨木みどりヶ丘病院,,
S00027,理学療法士学科,医療法人 徳洲会 岸和田徳洲会病院,医療法人 徳洲会 八尾徳洲会総合病院,株式会社 健革ＪＡＰＡＮ健スマ整骨院
S00028,医療秘書,社会医療法人大阪国際メディカル＆サイエンスセンター大阪けいさつ病院,医療法人社団 千春会,コスモファーマグループ
S00029,視能訓練士学科,医療法人 成和会,和泉市立総合医療センター（指定管理者医療法人徳洲会）,社会医療法人 弘道会守口生野記念病院・なにわ生野病院・萱島生野病院・寝屋川生野病院
S00030,鍼灸美容学科,エルフレッチェ鍼灸接骨院グループ,株式会社 Ｙ・Ｏ・Ｉ ＪＡＰＡＮ,株式会社 ハイレンふじもと鍼灸整骨院グループ
S00031,鍼灸美容学科,株式会社 ＮＯＭＯＫＯＴＳＵ野本鍼灸整骨院グループ,株式会社 ヒューマンアジャスト,西院ＦＲＥＥ整骨院
S00032,社会福祉科,医療法人社団 創生会,社会福祉法人 天心会小阪病院,社会福祉法人 聖徳会
S00033,社会福祉科,株式会社 シーアイ・パートナーズグループ,社会福祉法人 南湖会【障がい児者支援事業】,社会福祉法人 大阪自彊館
S00034,臨床工学技士科,医療法人春秋会城山病院,社会医療法人 畿内会岡波総合病院,公益財団法人総合病院浅香山病院
S00035,医療福祉総合学科,社会医療法人 協和会加納総合病院ハートフルクリニック北大阪病院淀川介護老人保健施設ハートフル,医療法人社団 松下会 白庭病院東生駒病院/グランファミリア,医療法人 協和会川西市立総合医療センター（指定管理）/箕面市立病院（指定管理）/協和会病院/千里中央病院/協立記念病院/第二協立病院/協和マリナホスピタル
S00036,鍼灸師学科,ＭＡＩＬＥ株式会社まいれ整骨院グループ,株式会社 Ｒｉｅｄｅｎからだ接骨院グループ,株式会社 ａｎｄ
S00037,精神保健福祉科,一般社団法人 水口病院,社会福祉法人 天心会小阪病院,社会福祉法人 大阪自彊館
S00038,情報学科,医療法人 鴻池会秋津鴻池病院,医療法人社団 石鎚会京都田辺中央病院/京都田辺記念病院/同志社山手病院/やすらぎ保育園/介護老人保健施設やすらぎ苑,トータルヘルスケアサービスホロニクスグループ医療法人医誠会
S00039,臨床工学技士科,社会医療法人 愛仁会,社会医療法人 祐生会 みどりヶ丘病院茨木みどりヶ丘病院,和泉市立総合医療センター（指定管理者医療法人徳洲会）
S00040,柔道整復スポーツ学科,株式会社 ジオナOK整骨院グループ,リハビリ特化型デイサービスリハテラス,すずらん鍼灸接骨院グループ
S00041,医療科学部 臨床工学科,医療法人 藤井会,医療法人 信和会（明和病院・めいわリハビリテーション病院）,医療法人社団 石鎚会京都田辺中央病院/京都田辺記念病院/同志社山手病院/やすらぎ保育園/介護老人保健施設やすらぎ苑
S00042,作業療法士学科,医療法人 芙蓉会南草津病院 / ケアタウン南草津,医療法人社団 石鎚会京都田辺中央病院/京都田辺記念病院/同志社山手病院/やすらぎ保育園/介護老人保健施設やすらぎ苑,特定医療法人 健和会介護老人保健施設ふれあい
S00043,診療放射線技師学科,社会福祉連携推進法人 日の出医療福祉グループ,医療法人社団 石鎚会京都田辺中央病院/京都田辺記念病院/同志社山手病院/やすらぎ保育園/介護老人保健施設やすらぎ苑,一般財団法人 滋賀保健研究センター
S00044,介護福祉科,医療法人 徳洲会 介護老人保健施設 吹田徳州苑,社会福祉法人 ヒューマンライツ福祉協会,医療法人 隆星会
S00045,医療秘書,社会医療法人三車会貴志川リハビリテーション病院,社会医療法人明生会,社会医療法人 三宝会南港病院
S00046,理学療法士学科,社会医療法人 大道会,社会医療法人有隣会東大阪病院,社会福祉連携推進法人 日の出医療福祉グループ
S00047,社会福祉専攻科,株式会社 シーアイ・パートナーズグループ,社会福祉法人 南湖会【障がい児者支援事業】,
S00048,介護福祉科,医療法人 協和会川西市立総合医療センター（指定管理）/箕面市立病院（指定管理）/協和会病院/千里中央病院/協立記念病院/第二協立病院/協和マリナホスピタル,医療法人明寿会林原整形外科株式会社JOIN,医療法人一祐会寝屋川・藤本病院グループ
S00049,社会福祉専攻科,株式会社 シーアイ・パートナーズグループ,社会福祉法人 南湖会【障がい児者支援事業】,
S00050,鍼灸スポーツ学科,株式会社 わだちグループ,リハビリ特化型デイサービスリハテラス,縁～en～鍼灸整骨院
S00051,医療心理科,児童発達支援・放課後等デイサービスＬＵＭＯ（株式会社 Ｇｏｔｏｓｃｈｏｏｌグループ募集）,医療法人 正正会 分野病院,株式会社絆ホールディングス
S00052,情報学科,社会医療法人 岡本病院（財団）京都岡本記念病院・くみやま岡本病院,医療法人仁風会 牧野病院・社会福祉法人光風会 たちばなの里,美杉会グループ（佐藤病院・男山病院他）
S00053,薬業科,株式会社 ミック・ジャパン【ミック健康の森】【ドラッグミック】【ローソンドラッグミック】,くまのみ整骨院・鍼灸院グループ株式会社くまのみ,Ｉ＆Ｈ株式会社
S00054,情報学科,社会医療法人ペガサス馬場記念病院,医療法人春秋会城山病院,和泉市立総合医療センター（指定管理者医療法人徳洲会）
S00055,専攻科,社会医療法人明生会,社会医療法人 祥和会脳神経センター大田記念病院,社会医療法人ささき会藍の都脳神経外科病院
S00056,専攻科,医療法人 育和会育和会記念病院,社会医療法人三車会貴志川リハビリテーション病院,医療法人 尚和会宝塚第一病院  宝塚リハビリテーション病院
S00057,理学療法士学科,医療法人 回生会京都回生病院,株式会社スバコ・ケア・エンジニアリング,社会福祉連携推進法人 日の出医療福祉グループ
S00058,薬業科,株式会社 ミック・ジャパン【ミック健康の森】【ドラッグミック】【ローソンドラッグミック】,くまのみ整骨院・鍼灸院グループ株式会社くまのみ,協和商事株式会社オーエスドラッグ・オーエス薬局
S00059,社会福祉科,社会福祉法人 産経新聞厚生文化事業団,社会福祉法人 ヒューマンライツ福祉協会,株式会社 Ｔ’Ｓコーポレーショングループ
S00060,臨床検査技師科,平成医療福祉グループ【医療部門】,一般財団法人 滋賀保健研究センター,社会医療法人 山弘会上山病院
S00061,臨床工学技士学科,医療法人 徳洲会 野崎徳州会病院,医療法人良秀会藤井病院・高石藤井病院・泉南藤井病院・泉北藤井病院,社会医療法人三車会貴志川リハビリテーション病院
S00062,臨床検査技師科,社会医療法人 協和会加納総合病院ハートフルクリニック北大阪病院淀川介護老人保健施設ハートフル,公益財団法人総合病院浅香山病院,医療法人 徳洲会 野崎徳州会病院
S00063,情報学科,トータルヘルスケアサービスホロニクスグループ医療法人医誠会,社会医療法人 畿内会岡波総合病院,医療法人 徳洲会 高砂西部病院
S00064,救急救命士学科,社会医療法人 祐生会 みどりヶ丘病院茨木みどりヶ丘病院,,
S00065,鍼灸美容学科,TREE（ツリー）鍼灸整骨院,にほん整体株式会社,株式会社 Ｒｉｅｄｅｎからだ接骨院グループ
S00066,介護福祉科,平成医療福祉グループ【福祉部門】,小豆島中央病院,社会医療法人 きつこう会
S00067,鍼灸スポーツ学科,株式会社 ＴＬＳイルカ整骨院グループ,サンキューグループ,株式会社 スマイル
S00068,医療総合学科,株式会社 スギ薬局,ＭＡＩＬＥ株式会社まいれ整骨院グループ,社会医療法人 畿内会岡波総合病院
S00069,臨床工学技士学科,医療法人 徳洲会 八尾徳洲会総合病院,社会医療法人 愛仁会,社会医療法人 祐生会 みどりヶ丘病院茨木みどりヶ丘病院
S00070,救急救命士学科,社会医療法人 祐生会 みどりヶ丘病院茨木みどりヶ丘病院,,
S00071,臨床工学技士学科,医療法人 徳洲会 野崎徳州会病院,社会医療法人 弘道会守口生野記念病院・なにわ生野病院・萱島生野病院・寝屋川生野病院,和泉市立総合医療センター（指定管理者医療法人徳洲会）
S00072,社会福祉科,社会福祉法人 ヒューマンライツ福祉協会,医療法人 恒昭会（藍野病院・藍野花園病院・青葉丘病院）,株式会社スバコ・ケア・エンジニアリング
S00073,薬業科,Ｉ＆Ｈ株式会社,株式会社 ミック・ジャパン【ミック健康の森】【ドラッグミック】【ローソンドラッグミック】,協和商事株式会社オーエスドラッグ・オーエス薬局
S00074,社会福祉専攻科,社会福祉法人 南湖会【障がい児者支援事業】,株式会社 シーアイ・パートナーズグループ,
S00075,医療総合学科,トータルヘルスケアサービスホロニクスグループ医療法人医誠会,社会医療法人三車会貴志川リハビリテーション病院,医療法人 晋真会ベリタス病院
S00076,視能訓練士学科,医療法人 成和会,社会医療法人 弘道会守口生野記念病院・なにわ生野病院・萱島生野病院・寝屋川生野病院,和泉市立総合医療センター（指定管理者医療法人徳洲会）
S00077,医療福祉総合学科,社会福祉法人 産経新聞厚生文化事業団,医療法人 愛泉会愛泉会病院,社会福祉法人恩賜財団 大阪府済生会茨木医療福祉センター
S00078,介護福祉科,社会福祉法人 聖徳会,社会福祉連携推進法人 日の出医療福祉グループ,医療法人 恒昭会（藍野病院・藍野花園病院・青葉丘病院）
S00079,精神保健福祉科,医療法人 正正会 分野病院,株式会社スバコ・ケア・エンジニアリング,社会福祉法人 ヒューマンライツ福祉協会
S00080,情報学科,株式会社 スギ薬局,社会医療法人 彩樹守口敬仁会病院,社会医療法人 三宝会南港病院
S00081,薬業科,くまのみ整骨院・鍼灸院グループ株式会社くまのみ,株式会社 ミック・ジャパン【ミック健康の森】【ドラッグミック】【ローソンドラッグミック】,Ｉ＆Ｈ株式会社
S00082,救急救命士学科,社会医療法人 祐生会 みどりヶ丘病院茨木みどりヶ丘病院,,
S00083,鍼灸スポーツ学科,ｉＣｕｒｅテクノロジー株式会社iCure鍼灸接骨院グループ,株式会社 サンズ,日本セラピー株式会社
S00084,介護福祉科,医療法人 恵生会恵生会病院,特定医療法人 健和会介護老人保健施設ふれあい,社会医療法人 協和会加納総合病院ハートフルクリニック北大阪病院淀川介護老人保健施設ハートフル
S00085,臨床工学技士専攻科,医療法人社団 洛和会,公益財団法人総合病院浅香山病院,医療法人 徳洲会 八尾徳洲会総合病院
S00086,精神保健福祉科,児童発達支援・放課後等デイサービスＬＵＭＯ（株式会社 Ｇｏｔｏｓｃｈｏｏｌグループ募集）,医療法人 恒昭会（藍野病院・藍野花園病院・青葉丘病院）,社会福祉法人京都府社会福祉事業団
S00087,言語聴覚士学科,尼崎医療生協病院（医療分野）,社会医療法人 山紀会,株式会社スバコ・ケア・エンジニアリング
S00088,保健保育科,社会福祉法人 聖徳会,社会福祉法人 聖隷福祉事業団,社会福祉法人 加島友愛会
S00089,精神保健福祉科,社会福祉法人 みなと寮（救護施設・特別養護老人ホーム）,株式会社 ミック・ジャパン【ミック健康の森】【ドラッグミック】【ローソンドラッグミック】,株式会社 Ｔ’Ｓコーポレーショングループ
S00090,言語聴覚士学科,医療法人社団 松下会 白庭病院東生駒病院/グランファミリア,公益財団法人 甲南会甲南医療センター・六甲アイランド甲南病院,医療法人 徳洲会 野崎徳州会病院
S00091,保健保育科,発達支援ルームピースプラント,社会福祉法人 みおつくし福祉会,社会福祉法人 こばと会
S00092,柔道整復スポーツ学科,株式会社 ＴＬＳイルカ整骨院グループ,社会福祉法人 ラポール会,有限会社 スマイルストーリー
S00093,臨床工学技士専攻科,医療法人社団 洛和会,医療法人良秀会藤井病院・高石藤井病院・泉南藤井病院・泉北藤井病院,社会医療法人三車会貴志川リハビリテーション病院
S00094,医療心理科,社会福祉法人京都府社会福祉事業団,一般社団法人 水口病院,公益財団法人総合病院浅香山病院
S00095,社会福祉専攻科,株式会社 シーアイ・パートナーズグループ,社会福祉法人 南湖会【障がい児者支援事業】,
S00096,医療秘書,社会医療法人ペガサス馬場記念病院,社会医療法人 三宝会南港病院,医療法人 育和会育和会記念病院
S00097,柔道整復師学科,株式会社ＥｔｅｒｎａlＳｍｉｌｅ,有限会社 エーケーメディカル,モリワキメディカルグループ
S00098,柔道整復スポーツトレーナー学科,株式会社 ＴＡＧたぶし鍼灸整骨院グループ,株式会社 ＡＺあず整骨院併設パーソナルジムAZ,医療法人明寿会林原整形外科株式会社JOIN
S00099,診療放射線技師学科,社会医療法人 協和会加納総合病院ハートフルクリニック北大阪病院淀川介護老人保健施設ハートフル,医療法人 青松会 河西田村病院                                    介護老人保健施設パインドーム,社会医療法人 彩樹守口敬仁会病院
S00100,医療心理科,医療法人 恒昭会（藍野病院・藍野花園病院・青葉丘病院）,社会医療法人寿栄会 ありまこうげんホスピタル,株式会社 ミック・ジャパン【ミック健康の森】【ドラッグミック】【ローソンドラッグミック】
S00101,言語聴覚士学科,シミズ病院グループ 医療法人 清仁会シミズ病院・洛西シミズ病院・洛西ニュータウン病院・亀岡シミズ病院・シミズふないの里・シミズひまわりの里・シミズ四条大宮クリニック,医療法人 徳洲会 野崎徳州会病院,社会医療法人 三宝会南港病院
S00102,スポーツ科学科,社会福祉法人 聖徳会,株式会社 春,社会医療法人栄公会 佐野記念病院
S00103,柔道整復スポーツ学科,三田やすらぎ整骨院・鍼灸院,株式会社 心身堂グループ,株式会社 ゆうしんゆうしん鍼灸整骨院
S00104,保健保育科,社会福祉法人 愛徳福祉会南大阪小児リハビリテーション病院大阪発達総合療育センター,児童発達支援・放課後等デイサービスＬＵＭＯ（株式会社 Ｇｏｔｏｓｃｈｏｏｌグループ募集）,社会福祉法人 石井記念愛染園
S00105,医療科学部 臨床工学科,シップヘルスケアホールディングス株式会社（シップヘルスケアグループ）,社会医療法人 寿楽会 大野記念病院,社会医療法人 弘道会守口生野記念病院・なにわ生野病院・萱島生野病院・寝屋川生野病院
S00106,診療放射線技師学科,平成医療福祉グループ【医療部門】,一般財団法人 滋賀保健研究センター,社会医療法人 愛仁会
S00107,視能訓練士学科,医療法人 成和会,社会医療法人 弘道会守口生野記念病院・なにわ生野病院・萱島生野病院・寝屋川生野病院,和泉市立総合医療センター（指定管理者医療法人徳洲会）
S00108,看護学科,社会医療法人 祐生会 みどりヶ丘病院茨木みどりヶ丘病院,一般財団法人 滋賀保健研究センター,公益財団法人総合病院浅香山病院
S00109,臨床工学技士科,医療法人 徳洲会 野崎徳州会病院,トータルヘルスケアサービスホロニクスグループ医療法人医誠会,社会医療法人 愛仁会
S00110,鍼灸美容学科,有限会社 エーケーメディカル,株式会社 Ｍｅｄｉｃａｌ Ｏｎｅ Ｊａｐａｎにしもと整骨院・鍼灸院,ながとも整骨院
S00111,スポーツ科学科,社会医療法人栄公会 佐野記念病院,社会福祉法人 聖徳会,株式会社 春
S00112,精神保健福祉科,株式会社スバコ・ケア・エンジニアリング,社会医療法人寿栄会 ありまこうげんホスピタル,株式会社 Ｔ’Ｓコーポレーショングループ
S00113,医療秘書,社会医療法人 三宝会南港病院,社会医療法人甲友会西宮協立脳神経外科病院西宮協立リハビリテーション病院,医療法人 徳洲会 八尾徳洲会総合病院
S00114,精神保健福祉科,株式会社 Ｔ’Ｓコーポレーショングループ,株式会社 ミック・ジャパン【ミック健康の森】【ドラッグミック】【ローソンドラッグミック】,株式会社絆ホールディングス
S00115,臨床工学技士専攻科,医療法人 新生会総合病院高の原中央病院,医療法人良秀会藤井病院・高石藤井病院・泉南藤井病院・泉北藤井病院,社会医療法人 若弘会若草第一病院、わかくさ竜間リハビリテーション病院
S00116,臨床工学技士学科,トータルヘルスケアサービスホロニクスグループ医療法人医誠会,医療法人 朗源会おおくま病院,社会医療法人 寿楽会 大野記念病院
S00117,精神保健福祉科,社会福祉法人 みなと寮（救護施設・特別養護老人ホーム）,社会医療法人寿栄会 ありまこうげんホスピタル,株式会社絆ホールディングス
S00118,視能訓練士学科,医療法人 成和会,和泉市立総合医療センター（指定管理者医療法人徳洲会）,社会医療法人 弘道会守口生野記念病院・なにわ生野病院・萱島生野病院・寝屋川生野病院
S00119,情報学科,和泉市立総合医療センター（指定管理者医療法人徳洲会）,医療法人 愛泉会愛泉会病院,一般社団法人 隆起会(整形外科クリニック)
S00120,保健保育科,社会医療法人 祐生会 みどりヶ丘病院茨木みどりヶ丘病院,株式会社 シーアイ・パートナーズグループ,社会福祉法人 みおつくし福祉会
S00121,臨床工学技士科,シップヘルスケアホールディングス株式会社（シップヘルスケアグループ）,トータルヘルスケアサービスホロニクスグループ医療法人医誠会,医療法人 朗源会おおくま病院
S00122,診療放射線技師学科,社会医療法人 愛仁会,医療法人 青松会 河西田村病院                                    介護老人保健施設パインドーム,医療法人社団 石鎚会京都田辺中央病院/京都田辺記念病院/同志社山手病院/やすらぎ保育園/介護老人保健施設やすらぎ苑
S00123,臨床工学技士科,医療法人春秋会城山病院,医療法人 徳洲会 野崎徳州会病院,シップヘルスケアホールディングス株式会社（シップヘルスケアグループ）
S00124,介護福祉科,特定医療法人 健和会介護老人保健施設ふれあい,社会福祉法人京都府社会福祉事業団,社会医療法人 山弘会上山病院
S00125,理学療法士学科,医療法人明寿会林原整形外科株式会社JOIN,株式会社 ｇｉｖｅｒｓこころ整骨院/医療法人社団奥山会奥山整形外科,株式会社 ＣＬＡＮ
S00126,医療総合学科,社会医療法人 協和会加納総合病院ハートフルクリニック北大阪病院淀川介護老人保健施設ハートフル,医療法人 育和会育和会記念病院,医療法人社団 千春会
S00127,医療秘書,医療法人 徳洲会 八尾徳洲会総合病院,医療法人 育和会育和会記念病院,社会医療法人 祐生会 みどりヶ丘病院茨木みどりヶ丘病院
S00128,臨床工学技士学科,医療法人 新生会総合病院高の原中央病院,社会医療法人 畿内会岡波総合病院,シップヘルスケアホールディングス株式会社（シップヘルスケアグループ）
S00129,臨床工学技士科,社会医療法人 若弘会若草第一病院、わかくさ竜間リハビリテーション病院,医療法人社団 石鎚会京都田辺中央病院/京都田辺記念病院/同志社山手病院/やすらぎ保育園/介護老人保健施設やすらぎ苑,シップヘルスケアホールディングス株式会社（シップヘルスケアグループ）
S00130,言語聴覚士学科,社会医療法人寿栄会 ありまこうげんホスピタル,医療法人 せいわ会  大阪たつみリハビリテーション病院,医療法人 吉栄会
S00131,救急救命士学科,社会医療法人 祐生会 みどりヶ丘病院茨木みどりヶ丘病院,,
S00132,鍼灸師学科,医療法人明寿会林原整形外科株式会社JOIN,TREE（ツリー）鍼灸整骨院,株式会社 ヒューマンアジャスト
S00133,柔道整復師学科,株式会社 ジオナOK整骨院グループ,株式会社 ミック・ジャパン【ミック健康の森】【ドラッグミック】【ローソンドラッグミック】,株式会社 春
S00134,社会福祉専攻科,株式会社 シーアイ・パートナーズグループ,社会福祉法人 南湖会【障がい児者支援事業】,
S00135,スポーツ科学科,ＭＡＩＬＥ株式会社まいれ整骨院グループ,社会福祉法人 聖徳会,社会医療法人栄公会 佐野記念病院
S00136,医療秘書,社会医療法人 三宝会南港病院,医療福祉生活協同組合 おおさかコープおおさか病院,社会医療法人 彩樹守口敬仁会病院
S00137,鍼灸スポーツ学科,モリワキメディカルグループ,(有) Ｏｐｔｉｍａｌにしむら鍼灸接骨院グループ,有限会社 Ｊ－ＲＡＤＩＡＮＣＥかがやき整骨院グループ
S00138,介護福祉科,医療法人 寿山会（喜馬病院及び高齢者施設、鍼灸院、リハ特化型デイサービス等）,社会医療法人明生会,清水会グループ医療法人清水会(もりぐち清水会病院)社会福祉法人清水福祉会
S00139,臨床検査技師科,株式会社 大阪血清微生物研究所,一般財団法人 滋賀保健研究センター,社会医療法人 弘道会守口生野記念病院・なにわ生野病院・萱島生野病院・寝屋川生野病院
S00140,情報学科,医療法人昭圭会南芦屋浜病院,医療法人 晋真会ベリタス病院,社会医療法人 畿内会岡波総合病院
S00141,精神保健福祉科,公益財団法人総合病院浅香山病院,医療法人 正正会 分野病院,社会福祉法人京都府社会福祉事業団
S00142,臨床工学技士学科,医療法人 徳洲会 野崎徳州会病院,社会医療法人三車会貴志川リハビリテーション病院,社会医療法人 寿楽会 大野記念病院
S00143,情報学科,医療法人 育和会育和会記念病院,コスモファーマグループ,医療法人 徳洲会 岸和田徳洲会病院
S00144,専攻科,医療法人社団 千春会,医療法人 青松会 河西田村病院                                    介護老人保健施設パインドーム,株式会社 アカカベ
S00145,医療科学部 臨床工学科,社会医療法人三車会貴志川リハビリテーション病院,シップヘルスケアホールディングス株式会社（シップヘルスケアグループ）,公益財団法人総合病院浅香山病院
S00146,臨床工学技士専攻科,医療法人社団 石鎚会京都田辺中央病院/京都田辺記念病院/同志社山手病院/やすらぎ保育園/介護老人保健施設やすらぎ苑,社会医療法人 祐生会 みどりヶ丘病院茨木みどりヶ丘病院,医療法人 新生会総合病院高の原中央病院
S00147,救急救命士学科,社会医療法人 祐生会 みどりヶ丘病院茨木みどりヶ丘病院,,
S00148,看護学科,医療法人 成和会,医療法人 徳洲会 岸和田徳洲会病院,医療法人社団 兼誠会つかぐち病院
S00149,臨床検査技師科,医療法人 徳洲会 岸和田徳洲会病院,社会医療法人 愛仁会,医療法人 徳洲会 松原徳洲会病院
S00150,情報学科,医療法人 徳洲会 岸和田徳洲会病院,社会医療法人 協和会加納総合病院ハートフルクリニック北大阪病院淀川介護老人保健施設ハートフル,トータルヘルスケアサービスホロニクスグループ医療法人医誠会
S00151,専攻科,医療法人 晋真会ベリタス病院,社会医療法人甲友会西宮協立脳神経外科病院西宮協立リハビリテーション病院,株式会社 スギ薬局
S00152,精神保健福祉科,社会福祉法人 みなと寮（救護施設・特別養護老人ホーム）,医療法人 正正会 分野病院,株式会社絆ホールディングス
S00153,柔道整復スポーツ学科,TREE（ツリー）鍼灸整骨院,アスリート鍼灸整骨院株式会社 アーチ,社会福祉法人 ラポール会
S00154,診療放射線技師学科,社会福祉連携推進法人 日の出医療福祉グループ,社会医療法人 愛仁会,一般財団法人 滋賀保健研究センター
S00155,医療科学部 臨床工学科,医療法人 信和会（明和病院・めいわリハビリテーション病院）,社会医療法人 畿内会岡波総合病院,医療法人 藤井会
S00156,診療放射線技師学科,社会医療法人 愛仁会,社会福祉連携推進法人 日の出医療福祉グループ,医療法人 藤井会
S00157,介護福祉科,医療法人 興世会介護老人保健施設石きり,公益財団法人総合病院浅香山病院,社会福祉法人 玉美福祉会
S00158,救急救命士学科,社会医療法人 祐生会 みどりヶ丘病院茨木みどりヶ丘病院,,
S00159,薬業科,Ｉ＆Ｈ株式会社,協和商事株式会社オーエスドラッグ・オーエス薬局,株式会社 ミック・ジャパン【ミック健康の森】【ドラッグミック】【ローソンドラッグミック】
S00160,精神保健福祉科,社会福祉法人 みなと寮（救護施設・特別養護老人ホーム）,株式会社スバコ・ケア・エンジニアリング,社会福祉法人 産経新聞厚生文化事業団
S00161,社会福祉専攻科,社会福祉法人 南湖会【障がい児者支援事業】,株式会社 シーアイ・パートナーズグループ,
S00162,医療科学部 臨床工学科,医療法人 徳洲会 八尾徳洲会総合病院,社会医療法人 寿楽会 大野記念病院,医療法人 朗源会おおくま病院
S00163,情報学科,医療法人春秋会城山病院,社会医療法人三車会貴志川リハビリテーション病院,医療法人社団 千春会
S00164,医療福祉総合学科,社会医療法人 彩樹守口敬仁会病院,社会福祉法人 産経新聞厚生文化事業団,社会福祉法人 英芳会
S00165,専攻科,医療法人 寿山会（喜馬病院及び高齢者施設、鍼灸院、リハ特化型デイサービス等）,社会医療法人三車会貴志川リハビリテーション病院,医療法人 育和会育和会記念病院
S00166,鍼灸スポーツ学科,株式会社 ＧＥＮＫＩＤＯ,ＶＩＶＡ鍼灸整骨院グループ（株式会社 Ｌｏｏｐ Ｑｕｅｓｔ）,株式会社 ＡＭＢＥＲ
S00167,看護学科,医療法人 橘会東住吉森本病院・東住吉森本リハビリテーション病院,社会医療法人甲友会西宮協立脳神経外科病院西宮協立リハビリテーション病院,一般財団法人 滋賀保健研究センター
S00168,鍼灸美容学科,MOVEACTION株式会社,株式会社 スマイル,TREE（ツリー）鍼灸整骨院
S00169,言語聴覚士学科,シミズ病院グループ 医療法人 清仁会シミズ病院・洛西シミズ病院・洛西ニュータウン病院・亀岡シミズ病院・シミズふないの里・シミズひまわりの里・シミズ四条大宮クリニック,株式会社 Ｓｍｉｌｅ Ｇｒｏｕｐ,一般社団法人 水口病院
S00170,柔道整復スポーツトレーナー学科,株式会社 Ｒｉｅｄｅｎからだ接骨院グループ,メディカルアース株式会社だいふく鍼灸整骨院グループ,縁～en～鍼灸整骨院
S00171,鍼灸スポーツ学科,株式会社 ＫＭＣ小林整骨院グループ,株式会社 サンズ,くまのみ整骨院・鍼灸院グループ株式会社くまのみ
S00172,精神保健福祉科,社会医療法人寿栄会 ありまこうげんホスピタル,公益財団法人総合病院浅香山病院,児童発達支援・放課後等デイサービスＬＵＭＯ（株式会社 Ｇｏｔｏｓｃｈｏｏｌグループ募集）
S00173,鍼灸師学科,社会福祉連携推進法人 日の出医療福祉グループ,西院ＦＲＥＥ整骨院,ハリココ鍼灸整体院株式会社 prime coco
S00174,専攻科,医療法人 愛泉会愛泉会病院,社会福祉法人恩賜財団 大阪府済生会茨木医療福祉センター,社会医療法人 畿内会岡波総合病院
S00175,臨床工学技士科,医療法人社団 洛和会,医療法人 徳洲会 野崎徳州会病院,社会医療法人三車会貴志川リハビリテーション病院
S00176,理学療法士学科,医療法人昭圭会南芦屋浜病院,医療法人 神明会,医療法人 信和会（明和病院・めいわリハビリテーション病院）
S00177,介護福祉科,株式会社 Ｔ’Ｓコーポレーショングループ,社会医療法人 ＯＮＥ ＦＬＡＧ牧ヘルスケアグループ,公益財団法人総合病院浅香山病院
S00178,鍼灸師学科,株式会社KOSHIKI定額制美容鍼サロンHARINATURE,リハビリ特化型デイサービスリハテラス,株式会社 ＨＳコーポレーションひらいはりきゅう整骨院
S00179,介護福祉科,社会医療法人甲友会西宮協立脳神経外科病院西宮協立リハビリテーション病院,医療法人社団 松下会 白庭病院東生駒病院/グランファミリア,医療法人 青松会 河西田村病院                                    介護老人保健施設パインドーム
S00180,理学療法士学科,株式会社 ｇｉｖｅｒｓこころ整骨院/医療法人社団奥山会奥山整形外科,発達支援ルームピースプラント,医療法人 隆星会
S00181,診療放射線技師学科,社会医療法人 協和会加納総合病院ハートフルクリニック北大阪病院淀川介護老人保健施設ハートフル,一般財団法人 滋賀保健研究センター,社会福祉連携推進法人 日の出医療福祉グループ
S00182,作業療法士学科,医療法人 せいふう会 ①川西リハビリテーション病院②伊丹せいふう病院③阪神リハビリテーション病院④宇治リハビリテーション病院,医療法人 尚和会宝塚第一病院  宝塚リハビリテーション病院,社会医療法人 三宝会南港病院
S00183,社会福祉科,社会福祉法人 ヒューマンライツ福祉協会,社会福祉法人 聖徳会,一般社団法人 水口病院
S00184,医療科学部 臨床工学科,医療法人 朗源会おおくま病院,医療法人 徳洲会 八尾徳洲会総合病院,医療法人社団 洛和会
S00185,医療福祉総合学科,株式会社 アカカベ,社会医療法人 協和会加納総合病院ハートフルクリニック北大阪病院淀川介護老人保健施設ハートフル,社会医療法人 祥和会脳神経センター大田記念病院
S00186,臨床工学技士専攻科,医療法人社団 洛和会,医療法人 徳洲会 野崎徳州会病院,シップヘルスケアホールディングス株式会社（シップヘルスケアグループ）
S00187,薬業科,くまのみ整骨院・鍼灸院グループ株式会社くまのみ,協和商事株式会社オーエスドラッグ・オーエス薬局,Ｉ＆Ｈ株式会社
S00188,社会福祉科,医療法人社団 創生会,社会福祉法人 聖徳会,社会福祉法人 ヒューマンライツ福祉協会
S00189,視能訓練士学科,和泉市立総合医療センター（指定管理者医療法人徳洲会）,医療法人 成和会,社会医療法人 弘道会守口生野記念病院・なにわ生野病院・萱島生野病院・寝屋川生野病院
S00190,保健保育科,株式会社 シーアイ・パートナーズグループ,社会福祉法人 愛徳福祉会南大阪小児リハビリテーション病院大阪発達総合療育センター,医療法人社団 石鎚会京都田辺中央病院/京都田辺記念病院/同志社山手病院/やすらぎ保育園/介護老人保健施設やすらぎ苑
S00191,臨床工学技士科,医療法人 徳洲会 八尾徳洲会総合病院,医療法人 朗源会おおくま病院,社会医療法人 愛仁会
S00192,医療総合学科,株式会社 スギ薬局,社会医療法人甲友会西宮協立脳神経外科病院西宮協立リハビリテーション病院,社会福祉法人恩賜財団 大阪府済生会茨木医療福祉センター
S00193,医療福祉総合学科,医療法人 隆星会,社会福祉法人恩賜財団 大阪府済生会茨木医療福祉センター,社会医療法人三車会貴志川リハビリテーション病院
S00194,救急救命士学科,社会医療法人 祐生会 みどりヶ丘病院茨木みどりヶ丘病院,,
S00195,臨床検査技師科,医療法人春秋会城山病院,医療法人 徳洲会 岸和田徳洲会病院,社会医療法人 山弘会上山病院
S00196,医療科学部 臨床工学科,医療法人 新生会総合病院高の原中央病院,医療法人 信和会（明和病院・めいわリハビリテーション病院）,医療法人 徳洲会 野崎徳州会病院
S00197,臨床工学技士学科,トータルヘルスケアサービスホロニクスグループ医療法人医誠会,医療法人 朗源会おおくま病院,社会医療法人 寿楽会 大野記念病院
S00198,社会福祉専攻科,社会福祉法人 南湖会【障がい児者支援事業】,株式会社 シーアイ・パートナーズグループ,
S00199,臨床検査技師科,社会医療法人 協和会加納総合病院ハートフルクリニック北大阪病院淀川介護老人保健施設ハートフル,社会医療法人 祐生会 みどりヶ丘病院茨木みどりヶ丘病院,平成医療福祉グループ【医療部門】
S00200,鍼灸スポーツ学科,医療法人明寿会林原整形外科株式会社JOIN,株式会社 フューチャーシップ,西院ＦＲＥＥ整骨院
S00201,柔道整復スポーツトレーナー学科,株式会社ＥｔｅｒｎａlＳｍｉｌｅ,株式会社 Ｒｉｅｄｅｎからだ接骨院グループ,株式会社 ＡＺあず整骨院併設パーソナルジムAZ
S00202,臨床工学技士科,和泉市立総合医療センター（指定管理者医療法人徳洲会）,社会医療法人 岡本病院（財団）京都岡本記念病院・くみやま岡本病院,社会医療法人三車会貴志川リハビリテーション病院
S00203,作業療法士学科,発達支援ルームピースプラント,リハビリ特化型デイサービスリハテラス,医療法人篤友会関西リハビリテーション病院 / 坂本病院
S00204,鍼灸スポーツ学科,日本セラピー株式会社,社会福祉連携推進法人 日の出医療福祉グループ,株式会社ＥｔｅｒｎａlＳｍｉｌｅ
S00205,精神保健福祉科,児童発達支援・放課後等デイサービスＬＵＭＯ（株式会社 Ｇｏｔｏｓｃｈｏｏｌグループ募集）,社会福祉法人 ヒューマンライツ福祉協会,社会医療法人寿栄会 ありまこうげんホスピタル
S00206,医療科学部 臨床工学科,トータルヘルスケアサービスホロニクスグループ医療法人医誠会,社会医療法人 愛仁会,社会医療法人 岡本病院（財団）京都岡本記念病院・くみやま岡本病院
S00207,救急救命士学科,社会医療法人 祐生会 みどりヶ丘病院茨木みどりヶ丘病院,,
S00208,精神保健福祉科,株式会社 Ｔ’Ｓコーポレーショングループ,社会医療法人寿栄会 ありまこうげんホスピタル,社会福祉法人京都府社会福祉事業団
S00209,柔道整復スポーツ学科,（株）Ｓａｋｕｒａ Ｓｔｒｅｅｔ桜通り整骨院グループ,株式会社 ＴｅｎＡｎｔあったか骨盤整骨院,株式会社 ミライズミライズ整体院
S00210,臨床工学技士科,医療法人 藤井会,社会医療法人 祥和会脳神経センター大田記念病院,医療法人良秀会藤井病院・高石藤井病院・泉南藤井病院・泉北藤井病院
S00211,作業療法士学科,(医)やすだ堀口記念病院,株式会社絆ホールディングス,社会医療法人 ＯＮＥ ＦＬＡＧ牧ヘルスケアグループ
S00212,診療放射線技師学科,社会医療法人 愛仁会,医療法人社団 石鎚会京都田辺中央病院/京都田辺記念病院/同志社山手病院/やすらぎ保育園/介護老人保健施設やすらぎ苑,社会医療法人 協和会加納総合病院ハートフルクリニック北大阪病院淀川介護老人保健施設ハートフル
S00213,臨床工学技士専攻科,医療法人 信和会（明和病院・めいわリハビリテーション病院）,社会医療法人 畿内会岡波総合病院,医療法人社団 石鎚会京都田辺中央病院/京都田辺記念病院/同志社山手病院/やすらぎ保育園/介護老人保健施設やすらぎ苑
S00214,社会福祉科,株式会社絆ホールディングス,社会福祉法人 大阪自彊館,社会福祉法人 ヒューマンライツ福祉協会
S00215,精神保健福祉科,社会医療法人寿栄会 ありまこうげんホスピタル,株式会社 ミック・ジャパン【ミック健康の森】【ドラッグミック】【ローソンドラッグミック】,社会福祉法人 みなと寮（救護施設・特別養護老人ホーム）
S00216,鍼灸スポーツ学科,三田やすらぎ整骨院・鍼灸院,西院ＦＲＥＥ整骨院,株式会社 ICHINOSHIKI一野式整骨院グループ
S00217,医療福祉総合学科,医療法人仁風会 牧野病院・社会福祉法人光風会 たちばなの里,医療法人 晋真会ベリタス病院,児童発達支援・放課後等デイサービスＬＵＭＯ（株式会社 Ｇｏｔｏｓｃｈｏｏｌグループ募集）
S00218,診療放射線技師学科,一般財団法人 滋賀保健研究センター,社会医療法人 祐生会 みどりヶ丘病院茨木みどりヶ丘病院,社会医療法人 彩樹守口敬仁会病院
S00219,臨床工学技士学科,医療法人社団 石鎚会京都田辺中央病院/京都田辺記念病院/同志社山手病院/やすらぎ保育園/介護老人保健施設やすらぎ苑,社会医療法人 祥和会脳神経センター大田記念病院,医療法人 徳洲会 野崎徳州会病院
S00220,社会福祉専攻科,株式会社 シーアイ・パートナーズグループ,社会福祉法人 南湖会【障がい児者支援事業】,
S00221,言語聴覚士学科,国立病院機構 近畿グループ20病院,医療法人昭圭会南芦屋浜病院,医療法人 マックシール巽病院（急性期）/巽今宮病院（回復・慢性期）/巽病院介護老人保健施設/巽病院訪問看護ステーション
S00222,救急救命士学科,社会医療法人 祐生会 みどりヶ丘病院茨木みどりヶ丘病院,,
S00223,医療秘書,社会医療法人 岡本病院（財団）京都岡本記念病院・くみやま岡本病院,医療法人 愛泉会愛泉会病院,医療法人 橘会東住吉森本病院・東住吉森本リハビリテーション病院
S00224,理学療法士学科,医療法人 成和会,医療法人 徳洲会 松原徳洲会病院,医療法人 協和会川西市立総合医療センター（指定管理）/箕面市立病院（指定管理）/協和会病院/千里中央病院/協立記念病院/第二協立病院/協和マリナホスピタル
S00225,医療総合学科,社会医療法人 山弘会上山病院,医療法人 徳洲会 高砂西部病院,医療法人社団 千春会
S00226,鍼灸スポーツ学科,ハリココ鍼灸整体院株式会社 prime coco,株式会社 ＧＥＮＫＩＤＯ,e-rise株式会社 foryou鍼灸整骨院グループ
S00227,保健保育科,社会福祉法人 聖隷福祉事業団,社会医療法人ペガサス馬場記念病院,社会福祉法人 みおつくし福祉会
S00228,救急救命士学科,社会医療法人 祐生会 みどりヶ丘病院茨木みどりヶ丘病院,,
S00229,鍼灸スポーツ学科,㈱Ｈｅａｌｉｎｇ Ｈａｎｄ（ヒーリングハンド）,にほん整体株式会社,株式会社 リーフ
S00230,医療科学部 臨床工学科,医療法人社団 石鎚会京都田辺中央病院/京都田辺記念病院/同志社山手病院/やすらぎ保育園/介護老人保健施設やすらぎ苑,社会医療法人 彩樹守口敬仁会病院,医療法人 信和会（明和病院・めいわリハビリテーション病院）
S00231,柔道整復スポーツ学科,ＶＩＶＡ鍼灸整骨院グループ（株式会社 Ｌｏｏｐ Ｑｕｅｓｔ）,ｉＣｕｒｅテクノロジー株式会社iCure鍼灸接骨院グループ,株式会社 シー・エム・シー
S00232,臨床検査技師科,社会医療法人 弘道会守口生野記念病院・なにわ生野病院・萱島生野病院・寝屋川生野病院,社会医療法人 祐生会 みどりヶ丘病院茨木みどりヶ丘病院,株式会社 近畿予防医学研究所株式会社 オー・ピー・エル
S00233,薬業科,協和商事株式会社オーエスドラッグ・オーエス薬局,くまのみ整骨院・鍼灸院グループ株式会社くまのみ,Ｉ＆Ｈ株式会社
S00234,鍼灸師学科,株式会社 ＫＭＣ小林整骨院グループ,株式会社 Ｄｒ.トレーニング,株式会社 あっ晴みなみ鍼灸整骨院グループ
S00235,医療心理科,児童発達支援・放課後等デイサービスＬＵＭＯ（株式会社 Ｇｏｔｏｓｃｈｏｏｌグループ募集）,社会医療法人寿栄会 ありまこうげんホスピタル,株式会社 ミック・ジャパン【ミック健康の森】【ドラッグミック】【ローソンドラッグミック】
S00236,柔道整復スポーツトレーナー学科,TREE（ツリー）鍼灸整骨院,サンキューグループ,（株）ｉｎｄｏｍｉｔａｂｌｅ筋膜専門なごみ鍼灸整骨院
S00237,精神保健福祉科,児童発達支援・放課後等デイサービスＬＵＭＯ（株式会社 Ｇｏｔｏｓｃｈｏｏｌグループ募集）,社会福祉法人 大阪自彊館,社会福祉法人 みなと寮（救護施設・特別養護老人ホーム）
S00238,医療総合学科,医療法人 尚和会宝塚第一病院  宝塚リハビリテーション病院,一般社団法人 水口病院,株式会社 春
S00239,柔道整復師学科,株式会社 春,ｉＣｕｒｅテクノロジー株式会社iCure鍼灸接骨院グループ,株式会社SYNERGYJAPANぷらす鍼灸整骨院グループ
S00240,保健保育科,社会医療法人ペガサス馬場記念病院,社会福祉法人 愛和会,株式会社 タスク・フォース
S00241,医療福祉総合学科,美杉会グループ（佐藤病院・男山病院他）,社会医療法人 祐生会 みどりヶ丘病院茨木みどりヶ丘病院,社会医療法人ささき会藍の都脳神経外科病院
S00242,医療総合学科,医療法人 徳洲会 八尾徳洲会総合病院,社会医療法人明生会,医療法人 尚和会宝塚第一病院  宝塚リハビリテーション病院
S00243,救急救命士学科,社会医療法人 祐生会 みどりヶ丘病院茨木みどりヶ丘病院,,
S00244,理学療法士学科,医療法人愛幸会天仁病院    医療法人社団 薫楓会緑駿病院,一般社団法人 水口病院,社会医療法人栄公会 佐野記念病院
S00245,医療心理科,社会福祉法人 ヒューマンライツ福祉協会,医療法人 正正会 分野病院,医療法人 恒昭会（藍野病院・藍野花園病院・青葉丘病院）
S00246,社会福祉科,株式会社絆ホールディングス,児童発達支援・放課後等デイサービスＬＵＭＯ（株式会社 Ｇｏｔｏｓｃｈｏｏｌグループ募集）,社会福祉法人 天心会小阪病院
S00247,精神保健福祉科,社会福祉法人 みなと寮（救護施設・特別養護老人ホーム）,児童発達支援・放課後等デイサービスＬＵＭＯ（株式会社 Ｇｏｔｏｓｃｈｏｏｌグループ募集）,社会医療法人寿栄会 ありまこうげんホスピタル
S00248,情報学科,社会医療法人 岡本病院（財団）京都岡本記念病院・くみやま岡本病院,一般社団法人 隆起会(整形外科クリニック),医療法人 朗源会おおくま病院
S00249,医療科学部 臨床工学科,医療法人社団 石鎚会京都田辺中央病院/京都田辺記念病院/同志社山手病院/やすらぎ保育園/介護老人保健施設やすらぎ苑,医療法人社団 洛和会,社会医療法人 若弘会若草第一病院、わかくさ竜間リハビリテーション病院
S00250,救急救命士学科,社会医療法人 祐生会 みどりヶ丘病院茨木みどりヶ丘病院,,
S00251,鍼灸スポーツ学科,株式会社 スマイル,株式会社 ＴＡＧたぶし鍼灸整骨院グループ,社会福祉連携推進法人 日の出医療福祉グループ
S00252,保健保育科,社会福祉法人 こばと会,児童発達支援・放課後等デイサービスＬＵＭＯ（株式会社 Ｇｏｔｏｓｃｈｏｏｌグループ募集）,社会福祉法人 愛徳福祉会南大阪小児リハビリテーション病院大阪発達総合療育センター
S00253,専攻科,一般社団法人 隆起会(整形外科クリニック),一般社団法人 水口病院,社会医療法人三車会貴志川リハビリテーション病院
S00254,臨床工学技士学科,社会医療法人 祐生会 みどりヶ丘病院茨木みどりヶ丘病院,医療法人 徳洲会 八尾徳洲会総合病院,社会医療法人 弘道会守口生野記念病院・なにわ生野病院・萱島生野病院・寝屋川生野病院
S00255,医療秘書,医療法人 徳洲会 岸和田徳洲会病院,コスモファーマグループ,医療法人 青松会 河西田村病院                                    介護老人保健施設パインドーム
S00256,精神保健福祉科,社会福祉法人 みなと寮（救護施設・特別養護老人ホーム）,株式会社 ミック・ジャパン【ミック健康の森】【ドラッグミック】【ローソンドラッグミック】,社会福祉法人 産経新聞厚生文化事業団
S00257,精神保健福祉科,社会医療法人寿栄会 ありまこうげんホスピタル,社会福祉法人 みなと寮（救護施設・特別養護老人ホーム）,公益財団法人総合病院浅香山病院
S00258,鍼灸師学科,（株）ｉｎｄｏｍｉｔａｂｌｅ筋膜専門なごみ鍼灸整骨院,カラダのミカタ鍼灸整骨院,株式会社 シー・エム・シー
S00259,情報学科,美杉会グループ（佐藤病院・男山病院他）,株式会社 スギ薬局,医療法人 徳洲会 八尾徳洲会総合病院
S00260,精神保健福祉科,社会福祉法人 天心会小阪病院,一般社団法人 水口病院,医療法人 正正会 分野病院
S00261,臨床工学技士科,社会医療法人 岡本病院（財団）京都岡本記念病院・くみやま岡本病院,医療法人良秀会藤井病院・高石藤井病院・泉南藤井病院・泉北藤井病院,社会医療法人 彩樹守口敬仁会病院
S00262,薬業科,株式会社 ミック・ジャパン【ミック健康の森】【ドラッグミック】【ローソンドラッグミック】,協和商事株式会社オーエスドラッグ・オーエス薬局,Ｉ＆Ｈ株式会社
S00263,作業療法士学科,国立病院機構 近畿グループ20病院,医療法人 正正会 分野病院,社会医療法人 信愛会交野病院
S00264,臨床検査技師科,平成医療福祉グループ【医療部門】,医療法人仁風会 牧野病院・社会福祉法人光風会 たちばなの里,株式会社 メディック
S00265,医療科学部 臨床工学科,医療法人 朗源会おおくま病院,医療法人 藤井会,医療法人 徳洲会 野崎徳州会病院
S00266,専攻科,社会医療法人 岡本病院（財団）京都岡本記念病院・くみやま岡本病院,医療法人 徳洲会 高砂西部病院,美杉会グループ（佐藤病院・男山病院他）
S00267,薬業科,Ｉ＆Ｈ株式会社,株式会社 ミック・ジャパン【ミック健康の森】【ドラッグミック】【ローソンドラッグミック】,くまのみ整骨院・鍼灸院グループ株式会社くまのみ
S00268,鍼灸美容学科,株式会社 サンズ,ＭＡＩＬＥ株式会社まいれ整骨院グループ,ODAIJINI鍼灸整骨院
S00269,臨床検査技師科,医療法人春秋会城山病院,株式会社 近畿予防医学研究所株式会社 オー・ピー・エル,小豆島中央病院
S00270,介護福祉科,医療法人 寿山会（喜馬病院及び高齢者施設、鍼灸院、リハ特化型デイサービス等）,医療法人 協和会川西市立総合医療センター（指定管理）/箕面市立病院（指定管理）/協和会病院/千里中央病院/協立記念病院/第二協立病院/協和マリナホスピタル,医療法人 吉栄会
S00271,鍼灸スポーツ学科,株式会社 ひかりＬ＆Ａひかり鍼灸整骨院,児童発達支援・放課後等デイサービスＬＵＭＯ（株式会社 Ｇｏｔｏｓｃｈｏｏｌグループ募集）,TREE（ツリー）鍼灸整骨院
S00272,視能訓練士学科,社会医療法人 弘道会守口生野記念病院・なにわ生野病院・萱島生野病院・寝屋川生野病院,和泉市立総合医療センター（指定管理者医療法人徳洲会）,医療法人 成和会
S00273,鍼灸師学科,㈱Ｈｅａｌｉｎｇ Ｈａｎｄ（ヒーリングハンド）,株式会社 シー・エム・シー,株式会社 ひかりＬ＆Ａひかり鍼灸整骨院
S00274,鍼灸美容学科,株式会社 ＨＳコーポレーションひらいはりきゅう整骨院,サンキューグループ,株式会社 マーサメディカル
S00275,介護福祉科,社会福祉法人 慈仁会,株式会社 ハーフ･センチュリー･モア,医療法人 青松会 河西田村病院                                    介護老人保健施設パインドーム
S00276,社会福祉科,社会福祉法人 大阪自彊館,社会医療法人寿栄会 ありまこうげんホスピタル,医療法人社団 創生会
S00277,理学療法士学科,株式会社 Ｓｍｉｌｅ Ｇｒｏｕｐ,一般社団法人 水口病院,社会医療法人寿栄会 ありまこうげんホスピタル
S00278,医療福祉総合学科,清水会グループ医療法人清水会(もりぐち清水会病院)社会福祉法人清水福祉会,社会医療法人 弘道会守口生野記念病院・なにわ生野病院・萱島生野病院・寝屋川生野病院,医療法人 成和会
S00279,柔道整復スポーツトレーナー学科,有限会社 トータルケアまえいけあさひ鍼灸整骨院,株式会社 春,株式会社 心身堂グループ
S00280,医療秘書,医療法人仁風会 牧野病院・社会福祉法人光風会 たちばなの里,医療法人社団 石鎚会京都田辺中央病院/京都田辺記念病院/同志社山手病院/やすらぎ保育園/介護老人保健施設やすらぎ苑,医療法人昭圭会南芦屋浜病院
S00281,看護学科,社会福祉法人 天心会小阪病院,医療法人 徳洲会 高砂西部病院,社会医療法人三車会貴志川リハビリテーション病院
S00282,医療秘書,医療法人 朗源会おおくま病院,社会医療法人 祥和会脳神経センター大田記念病院,トータルヘルスケアサービスホロニクスグループ医療法人医誠会
S00283,救急救命士学科,社会医療法人 祐生会 みどりヶ丘病院茨木みどりヶ丘病院,,
S00284,医療総合学科,医療法人 朗源会おおくま病院,医療法人 尚和会宝塚第一病院  宝塚リハビリテーション病院,医療法人 徳洲会 八尾徳洲会総合病院
S00285,理学療法士学科,(医)やすだ堀口記念病院,医療法人えいしん会岸和田リハビリテーション病院,社会医療法人 畿内会岡波総合病院
S00286,スポーツ科学科,ＭＡＩＬＥ株式会社まいれ整骨院グループ,株式会社 春,社会福祉法人 聖徳会
S00287,視能訓練士学科,医療法人 成和会,社会医療法人 弘道会守口生野記念病院・なにわ生野病院・萱島生野病院・寝屋川生野病院,和泉市立総合医療センター（指定管理者医療法人徳洲会）
S00288,介護福祉科,医療法人 鴻池会介護老人保健施設 鴻池荘/グループホーム琴弾の家,社会福祉法人 慶生会,KHS（きつこう会ヘルスケアシステム）
S00289,柔道整復スポーツ学科,ながとも整骨院,社会福祉法人 ラポール会,ＶＩＶＡ鍼灸整骨院グループ（株式会社 Ｌｏｏｐ Ｑｕｅｓｔ）
S00290,救急救命士学科,社会医療法人 祐生会 みどりヶ丘病院茨木みどりヶ丘病院,,
S00291,鍼灸師学科,株式会社 シー・エム・シー,株式会社 Ｍｅｄｉｃａｌ Ｏｎｅ Ｊａｐａｎにしもと整骨院・鍼灸院,有限会社 こじまのぞみ整骨院グループ
S00292,介護福祉学科,株式会社 Ｔ’Ｓコーポレーショングループ,医療法人社団 松下会 白庭病院東生駒病院/グランファミリア,医療法人 隆星会
S00293,鍼灸美容学科,株式会社 ａｎｄ,西院ＦＲＥＥ整骨院,株式会社 ＮＯＭＯＫＯＴＳＵ野本鍼灸整骨院グループ
S00294,介護福祉科,株式会社 ハーフ･センチュリー･モア,公益財団法人総合病院浅香山病院,医療法人 明倫会宮地病院/本山リハビリテーション病院/老人保健施設あずさ
S00295,介護福祉科,社会福祉連携推進法人 日の出医療福祉グループ,尼崎医療生活協同組合（介護事業部）,医療法人 隆星会
S00296,臨床工学技士専攻科,社会医療法人 岡本病院（財団）京都岡本記念病院・くみやま岡本病院,医療法人良秀会藤井病院・高石藤井病院・泉南藤井病院・泉北藤井病院,社会医療法人 弘道会守口生野記念病院・なにわ生野病院・萱島生野病院・寝屋川生野病院
S00297,臨床工学技士学科,社会医療法人 愛仁会,医療法人 藤井会,医療法人 新生会総合病院高の原中央病院
S00298,社会福祉専攻科,社会福祉法人 南湖会【障がい児者支援事業】,株式会社 シーアイ・パートナーズグループ,
S00299,専攻科,社会医療法人 祥和会脳神経センター大田記念病院,社会医療法人 三宝会南港病院,医療法人 朗源会おおくま病院
S00300,スポーツ科学科,社会福祉法人 聖徳会,株式会社 春,社会医療法人栄公会 佐野記念病院
S00301,情報学科,尼崎医療生協病院（医療分野）,社会医療法人 三宝会南港病院,コスモファーマグループ
S00302,鍼灸師学科,株式会社 ＴＡＧたぶし鍼灸整骨院グループ,株式会社 ひかりＬ＆Ａひかり鍼灸整骨院,株式会社 リーフ
S00303,作業療法士学科,社会福祉法人 寺田萬寿会 寺田萬寿病院,特定医療法人 健和会介護老人保健施設ふれあい,医療法人篤友会関西リハビリテーション病院 / 坂本病院
S00304,介護福祉科,医療法人 恒昭会（藍野病院・藍野花園病院・青葉丘病院）,医療法人 回生会京都回生病院,平成医療福祉グループ【医療部門】
S00305,診療放射線技師学科,社会医療法人 祐生会 みどりヶ丘病院茨木みどりヶ丘病院,医療法人 藤井会,医療法人社団 石鎚会京都田辺中央病院/京都田辺記念病院/同志社山手病院/やすらぎ保育園/介護老人保健施設やすらぎ苑
S00306,作業療法士学科,医療法人明寿会林原整形外科株式会社JOIN,社会医療法人甲友会西宮協立脳神経外科病院西宮協立リハビリテーション病院,医療法人 寿山会（喜馬病院及び高齢者施設、鍼灸院、リハ特化型デイサービス等）
S00307,臨床工学技士専攻科,社会医療法人 祐生会 みどりヶ丘病院茨木みどりヶ丘病院,医療法人 信和会（明和病院・めいわリハビリテーション病院）,公益財団法人総合病院浅香山病院
S00308,社会福祉専攻科,社会福祉法人 南湖会【障がい児者支援事業】,株式会社 シーアイ・パートナーズグループ,
S00309,視能訓練士学科,社会医療法人 弘道会守口生野記念病院・なにわ生野病院・萱島生野病院・寝屋川生野病院,和泉市立総合医療センター（指定管理者医療法人徳洲会）,医療法人 成和会
S00310,介護福祉学科,社会医療法人栄公会 佐野記念病院,医療法人 青松会 河西田村病院                                    介護老人保健施設パインドーム,医療法人社団 創生会
S00311,医療福祉総合学科,(医)やすだ堀口記念病院,医療法人 吉栄会,平成医療福祉グループ【医療部門】
S00312,臨床検査技師科,小豆島中央病院,医療法人 徳洲会 岸和田徳洲会病院,株式会社 大阪血清微生物研究所
S00313,情報学科,医療法人 徳洲会 八尾徳洲会総合病院,トータルヘルスケアサービスホロニクスグループ医療法人医誠会,尼崎医療生協病院（医療分野）
S00314,救急救命士学科,社会医療法人 祐生会 みどりヶ丘病院茨木みどりヶ丘病院,,
S00315,情報学科,社会医療法人 彩樹守口敬仁会病院,医療法人 鴻池会秋津鴻池病院,社会医療法人三車会貴志川リハビリテーション病院
S00316,作業療法士学科,社会福祉法人 寺田萬寿会 寺田萬寿病院,社会医療法人 医真会医真会八尾総合病院/医真会総合クリニックス/医真会八尾リハビリテーション病院/介護老人保健施設あおぞら,社会福祉法人大阪暁明館大阪暁明館病院
S00317,臨床工学技士科,医療法人 信和会（明和病院・めいわリハビリテーション病院）,医療法人春秋会城山病院,和泉市立総合医療センター（指定管理者医療法人徳洲会）
S00318,社会福祉専攻科,社会福祉法人 南湖会【障がい児者支援事業】,株式会社 シーアイ・パートナーズグループ,
S00319,診療放射線技師学科,医療法人社団 洛和会,医療法人 徳洲会 野崎徳州会病院,社会医療法人 協和会加納総合病院ハートフルクリニック北大阪病院淀川介護老人保健施設ハートフル
S00320,医療秘書,社会福祉法人恩賜財団 大阪府済生会茨木医療福祉センター,社会医療法人 畿内会岡波総合病院,医療法人 青松会 河西田村病院                                    介護老人保健施設パインドーム
S00321,医療総合学科,医療法人一祐会寝屋川・藤本病院グループ,医療法人社団 石鎚会京都田辺中央病院/京都田辺記念病院/同志社山手病院/やすらぎ保育園/介護老人保健施設やすらぎ苑,医療法人社団 千春会
S00322,医療秘書,社会医療法人甲友会西宮協立脳神経外科病院西宮協立リハビリテーション病院,医療法人 育和会育和会記念病院,社会医療法人ささき会藍の都脳神経外科病院
S00323,薬業科,くまのみ整骨院・鍼灸院グループ株式会社くまのみ,Ｉ＆Ｈ株式会社,協和商事株式会社オーエスドラッグ・オーエス薬局
S00324,社会福祉科,株式会社 シーアイ・パートナーズグループ,株式会社スバコ・ケア・エンジニアリング,株式会社 ミック・ジャパン【ミック健康の森】【ドラッグミック】【ローソンドラッグミック】
S00325,介護福祉科,医療法人 神明会,医療法人 新生会総合病院高の原中央病院,社会福祉連携推進法人 日の出医療福祉グループ
S00326,診療放射線技師学科,社会医療法人 祐生会 みどりヶ丘病院茨木みどりヶ丘病院,社会医療法人 彩樹守口敬仁会病院,平成医療福祉グループ【医療部門】
S00327,柔道整復師学科,ｉＣｕｒｅテクノロジー株式会社iCure鍼灸接骨院グループ,株式会社 わだちグループ,サンキューグループ
S00328,介護福祉科,社会医療法人 寿楽会 大野記念病院,社会福祉法人京都府社会福祉事業団,医療法人社団 石鎚会京都田辺中央病院/京都田辺記念病院/同志社山手病院/やすらぎ保育園/介護老人保健施設やすらぎ苑
S00329,介護福祉学科,社会医療法人 三宝会南港病院,医療法人 せいふう会 ①川西リハビリテーション病院②伊丹せいふう病院③阪神リハビリテーション病院④宇治リハビリテーション病院,医療法人社団 石鎚会京都田辺中央病院/京都田辺記念病院/同志社山手病院/やすらぎ保育園/介護老人保健施設やすらぎ苑
S00330,介護福祉科,社会医療法人 山紀会,社会福祉法人 弘道福祉会,小豆島中央病院
S00331,柔道整復師学科,ながとも整骨院,株式会社 ＫＭＣ小林整骨院グループ,株式会社 ｇｉｖｅｒｓこころ整骨院/医療法人社団奥山会奥山整形外科
S00332,医療秘書,医療法人社団 千春会,社会医療法人甲友会西宮協立脳神経外科病院西宮協立リハビリテーション病院,医療法人 寿山会（喜馬病院及び高齢者施設、鍼灸院、リハ特化型デイサービス等）
S00333,医療秘書,尼崎医療生協病院（医療分野）,株式会社 スギ薬局,和泉市立総合医療センター（指定管理者医療法人徳洲会）
S00334,情報学科,社会医療法人 弘道会守口生野記念病院・なにわ生野病院・萱島生野病院・寝屋川生野病院,医療福祉生活協同組合 おおさかコープおおさか病院,医療法人春秋会城山病院
S00335,柔道整復師学科,株式会社 リーフ,株式会社 Ｒｉｅｄｅｎからだ接骨院グループ,アスリート鍼灸整骨院株式会社 アーチ
S00336,看護学科,医療法人 医進会高石加茂病院,医療法人社団 十善会野瀬病院,医療法人 協仁会小松病院
S00337,鍼灸師学科,有限会社 Ｊ－ＲＡＤＩＡＮＣＥかがやき整骨院グループ,株式会社 ハートメディカル,株式会社 春
S00338,柔道整復スポーツ学科,㈱Ｈｅａｌｉｎｇ Ｈａｎｄ（ヒーリングハンド）,株式会社 ｇｉｖｅｒｓこころ整骨院/医療法人社団奥山会奥山整形外科,株式会社 ＡＭＢＥＲ
S00339,スポーツ科学科,株式会社 春,医療法人社団 創生会,社会医療法人栄公会 佐野記念病院
S00340,医療総合学科,医療法人 徳洲会 高砂西部病院,社会医療法人 彩樹守口敬仁会病院,株式会社 スギ薬局
S00341,臨床検査技師科,小豆島中央病院,社会医療法人 祥和会脳神経センター大田記念病院,医療法人 徳洲会 岸和田徳洲会病院
S00342,医療秘書,社会医療法人 弘道会守口生野記念病院・なにわ生野病院・萱島生野病院・寝屋川生野病院,医療法人春秋会城山病院,医療法人 朗源会おおくま病院
S00343,介護福祉学科,社会医療法人 祐生会 みどりヶ丘病院茨木みどりヶ丘病院,社会福祉法人 松柏会,医療法人社団 創生会
S00344,臨床工学技士専攻科,医療法人 新生会総合病院高の原中央病院,和泉市立総合医療センター（指定管理者医療法人徳洲会）,医療法人良秀会藤井病院・高石藤井病院・泉南藤井病院・泉北藤井病院
S00345,救急救命士学科,社会医療法人 祐生会 みどりヶ丘病院茨木みどりヶ丘病院,,
S00346,作業療法士学科,特定医療法人 健和会介護老人保健施設ふれあい,医療法人 神明会,医療法人春秋会城山病院
S00347,社会福祉専攻科,株式会社 シーアイ・パートナーズグループ,社会福祉法人 南湖会【障がい児者支援事業】,
S00348,言語聴覚士学科,医療法人 協和会川西市立総合医療センター（指定管理）/箕面市立病院（指定管理）/協和会病院/千里中央病院/協立記念病院/第二協立病院/協和マリナホスピタル,医療法人社団 十善会野瀬病院,医療法人 晋真会ベリタス病院
S00349,介護福祉科,社会医療法人 山紀会,社会福祉連携推進法人 日の出医療福祉グループ,社会医療法人 ＯＮＥ ＦＬＡＧ牧ヘルスケアグループ
S00350,臨床検査技師科,株式会社 メディック,小豆島中央病院,社会医療法人 愛仁会
S00351,臨床工学技士専攻科,医療法人 新生会総合病院高の原中央病院,社会医療法人 彩樹守口敬仁会病院,医療法人 朗源会おおくま病院
S00352,鍼灸スポーツ学科,株式会社 ＨＳコーポレーションひらいはりきゅう整骨院,縁～en～鍼灸整骨院,サンキューグループ
S00353,柔道整復スポーツトレーナー学科,社会医療法人栄公会 佐野記念病院,株式会社 あい・グループ,株式会社 ハイレンふじもと鍼灸整骨院グループ
S00354,言語聴覚士学科,国立病院機構 近畿グループ20病院,社会医療法人 清恵会 清恵会病院  (三宝病院),医療法人春秋会城山病院
S00355,医療秘書,医療法人 青松会 河西田村病院                                    介護老人保健施設パインドーム,社会医療法人大阪国際メディカル＆サイエンスセンター大阪けいさつ病院,社会医療法人 三宝会南港病院
S00356,精神保健福祉科,医療法人 正正会 分野病院,一般社団法人 水口病院,社会医療法人寿栄会 ありまこうげんホスピタル
S00357,作業療法士学科,医療法人 せいわ会  大阪たつみリハビリテーション病院,医療法人社団 千春会,和泉市立総合医療センター（指定管理者医療法人徳洲会）
S00358,医療福祉総合学科,医療法人 芙蓉会南草津病院 / ケアタウン南草津,医療法人 恵生会恵生会病院,コスモファーマグループ
S00359,介護福祉学科,社会医療法人 協和会加納総合病院ハートフルクリニック北大阪病院淀川介護老人保健施設ハートフル,医療法人 隆星会,社会福祉法人 大阪自彊館
S00360,鍼灸スポーツ学科,株式会社 健革ＪＡＰＡＮ健スマ整骨院,株式会社 Ｍｅｄｉｃａｌ Ｏｎｅ Ｊａｐａｎにしもと整骨院・鍼灸院,アスリート鍼灸整骨院株式会社 アーチ
S00361,鍼灸美容学科,有限会社 スマイルストーリー,株式会社 心身堂グループ,株式会社 ハートメディカル
S00362,臨床工学技士科,医療法人 藤井会,医療法人春秋会城山病院,医療法人 新生会総合病院高の原中央病院
S00363,臨床工学技士科,医療法人春秋会城山病院,社会医療法人 寿楽会 大野記念病院,社会医療法人 畿内会岡波総合病院
S00364,柔道整復スポーツ学科,株式会社 ハイレンふじもと鍼灸整骨院グループ,ハリココ鍼灸整体院株式会社 prime coco,モリワキメディカルグループ
S00365,社会福祉科,社会福祉法人京都府社会福祉事業団,医療法人 恒昭会（藍野病院・藍野花園病院・青葉丘病院）,社会福祉法人 大阪自彊館
S00366,医療総合学科,社会医療法人 彩樹守口敬仁会病院,社会医療法人ペガサス馬場記念病院,社会福祉法人恩賜財団 大阪府済生会茨木医療福祉センター
S00367,柔道整復スポーツトレーナー学科,株式会社 New Gateみらい整骨院グループ,株式会社 スマイル,株式会社 ＴｅｎＡｎｔあったか骨盤整骨院
S00368,社会福祉科,株式会社スバコ・ケア・エンジニアリング,社会医療法人寿栄会 ありまこうげんホスピタル,株式会社絆ホールディングス
S00369,視能訓練士学科,医療法人 成和会,社会医療法人 弘道会守口生野記念病院・なにわ生野病院・萱島生野病院・寝屋川生野病院,和泉市立総合医療センター（指定管理者医療法人徳洲会）
S00370,鍼灸美容学科,日本セラピー株式会社,株式会社 Ｙ・Ｏ・Ｉ ＪＡＰＡＮ,三田やすらぎ整骨院・鍼灸院
S00371,臨床工学技士学科,社会医療法人 愛仁会,医療法人良秀会藤井病院・高石藤井病院・泉南藤井病院・泉北藤井病院,社会医療法人三車会貴志川リハビリテーション病院
S00372,社会福祉専攻科,社会福祉法人 南湖会【障がい児者支援事業】,株式会社 シーアイ・パートナーズグループ,
S00373,柔道整復スポーツトレーナー学科,（株）Ｓａｋｕｒａ Ｓｔｒｅｅｔ桜通り整骨院グループ,児童発達支援・放課後等デイサービスＬＵＭＯ（株式会社 Ｇｏｔｏｓｃｈｏｏｌグループ募集）,ODAIJINI鍼灸整骨院
S00374,臨床工学技士専攻科,社会医療法人 彩樹守口敬仁会病院,医療法人春秋会城山病院,社会医療法人 祥和会脳神経センター大田記念病院
S00375,鍼灸美容学科,モリワキメディカルグループ,にほん整体株式会社,ＧＯＤＨＡＮＤ株式会社
S00376,柔道整復スポーツ学科,株式会社 ハイレンふじもと鍼灸整骨院グループ,有限会社 こじまのぞみ整骨院グループ,株式会社 ICHINOSHIKI一野式整骨院グループ
S00377,介護福祉学科,医療法人 鴻池会秋津鴻池病院,社会医療法人 三宝会南港病院,株式会社 ミック・ジャパン【ミック健康の森】【ドラッグミック】【ローソンドラッグミック】
S00378,専攻科,一般社団法人 隆起会(整形外科クリニック),平成医療福祉グループ【医療部門】,社会医療法人ペガサス馬場記念病院
S00379,理学療法士学科,医療法人 晋真会ベリタス病院,社会医療法人 岡本病院（財団）京都岡本記念病院・くみやま岡本病院,社会福祉連携推進法人 日の出医療福祉グループ
S00380,柔道整復スポーツ学科,医療法人明寿会林原整形外科株式会社JOIN,株式会社 Ｒｉｅｄｅｎからだ接骨院グループ,株式会社 ｇｉｖｅｒｓこころ整骨院/医療法人社団奥山会奥山整形外科
S00381,柔道整復スポーツトレーナー学科,メディカルアース株式会社だいふく鍼灸整骨院グループ,株式会社 心身堂グループ,MOVEACTION株式会社
S00382,医療福祉総合学科,医療法人 芙蓉会南草津病院 / ケアタウン南草津,社会福祉法人 玉美福祉会,社会福祉法人恩賜財団 大阪府済生会茨木医療福祉センター
S00383,作業療法士学科,社会医療法人 弘道会守口生野記念病院・なにわ生野病院・萱島生野病院・寝屋川生野病院,国立病院機構 近畿グループ20病院,社会医療法人有隣会東大阪病院
S00384,介護福祉科,社会福祉法人 育福会特別養護老人ホーム コティコート北大阪,社会福祉法人 東寿会,社会福祉法人 松柏会
S00385,医療秘書,社会医療法人 協和会加納総合病院ハートフルクリニック北大阪病院淀川介護老人保健施設ハートフル,社会医療法人大阪国際メディカル＆サイエンスセンター大阪けいさつ病院,社会医療法人 彩樹守口敬仁会病院
S00386,薬業科,Ｉ＆Ｈ株式会社,協和商事株式会社オーエスドラッグ・オーエス薬局,株式会社 ミック・ジャパン【ミック健康の森】【ドラッグミック】【ローソンドラッグミック】
S00387,薬業科,株式会社 ミック・ジャパン【ミック健康の森】【ドラッグミック】【ローソンドラッグミック】,Ｉ＆Ｈ株式会社,くまのみ整骨院・鍼灸院グループ株式会社くまのみ
S00388,医療福祉総合学科,コスモファーマグループ,医療法人 寿山会（喜馬病院及び高齢者施設、鍼灸院、リハ特化型デイサービス等）,医療法人一祐会寝屋川・藤本病院グループ
S00389,救急救命士学科,社会医療法人 祐生会 みどりヶ丘病院茨木みどりヶ丘病院,,
S00390,精神保健福祉科,株式会社 ミック・ジャパン【ミック健康の森】【ドラッグミック】【ローソンドラッグミック】,社会福祉法人 産経新聞厚生文化事業団,社会福祉法人京都府社会福祉事業団
S00391,鍼灸スポーツ学科,社会福祉連携推進法人 日の出医療福祉グループ,ＧＯＤＨＡＮＤ株式会社,ODAIJINI鍼灸整骨院
S00392,専攻科,社会医療法人 弘道会守口生野記念病院・なにわ生野病院・萱島生野病院・寝屋川生野病院,医療法人 愛泉会愛泉会病院,平成医療福祉グループ【医療部門】
S00393,看護学科,公益財団法人 唐澤記念会 大阪脳神経外科病院,小豆島中央病院,社会医療法人 ＯＮＥ ＦＬＡＧ牧ヘルスケアグループ
S00394,臨床工学技士専攻科,社会医療法人 寿楽会 大野記念病院,社会医療法人 弘道会守口生野記念病院・なにわ生野病院・萱島生野病院・寝屋川生野病院,医療法人良秀会藤井病院・高石藤井病院・泉南藤井病院・泉北藤井病院
S00395,理学療法士学科,社会福祉法人 慶生会,西院ＦＲＥＥ整骨院,社会福祉法人 愛徳福祉会南大阪小児リハビリテーション病院大阪発達総合療育センター
S00396,柔道整復スポーツトレーナー学科,有限会社 トータルケアまえいけあさひ鍼灸整骨院,ＥＭＰＯＷＥＲＭＥＮＴ（株）平川接骨院/針灸治療院グループ,三田やすらぎ整骨院・鍼灸院
S00397,臨床工学技士専攻科,社会医療法人 祐生会 みどりヶ丘病院茨木みどりヶ丘病院,医療法人 徳洲会 野崎徳州会病院,医療法人 藤井会
S00398,鍼灸美容学科,株式会社 フューチャーシップ,ｉＣｕｒｅテクノロジー株式会社iCure鍼灸接骨院グループ,くまのみ整骨院・鍼灸院グループ株式会社くまのみ
S00399,医療総合学科,医療法人 徳洲会 岸和田徳洲会病院,美杉会グループ（佐藤病院・男山病院他）,社会医療法人ペガサス馬場記念病院
S00400,鍼灸スポーツ学科,株式会社グッドライフ,株式会社SYNERGYJAPANぷらす鍼灸整骨院グループ,株式会社 ハートメディカル
S00401,医療福祉総合学科,児童発達支援・放課後等デイサービスＬＵＭＯ（株式会社 Ｇｏｔｏｓｃｈｏｏｌグループ募集）,社会福祉法人 慈仁会,医療法人社団アールアンドオー 静清リハビリテーション病院/しずおか整形外科病院
S00402,言語聴覚士学科,医療法人 吉栄会,医療法人 清水会①京都リハビリテーション病院②脳神経リハビリ北大路病院,社会医療法人 山紀会
S00403,救急救命士学科,社会医療法人 祐生会 みどりヶ丘病院茨木みどりヶ丘病院,,
S00404,視能訓練士学科,社会医療法人 弘道会守口生野記念病院・なにわ生野病院・萱島生野病院・寝屋川生野病院,和泉市立総合医療センター（指定管理者医療法人徳洲会）,医療法人 成和会
S00405,情報学科,社会医療法人 弘道会守口生野記念病院・なにわ生野病院・萱島生野病院・寝屋川生野病院,美杉会グループ（佐藤病院・男山病院他）,社会医療法人 祐生会 みどりヶ丘病院茨木みどりヶ丘病院
S00406,柔道整復スポーツ学科,e-rise株式会社 foryou鍼灸整骨院グループ,くまのみ整骨院・鍼灸院グループ株式会社くまのみ,医療法人明寿会林原整形外科株式会社JOIN
S00407,医療秘書,社会医療法人明生会,医療法人社団 千春会,コスモファーマグループ
S00408,柔道整復スポーツ学科,株式会社 ａｎｄ,メディカルアース株式会社だいふく鍼灸整骨院グループ,株式会社 シー・エム・シー
S00409,臨床工学技士学科,医療法人 新生会総合病院高の原中央病院,医療法人 朗源会おおくま病院,社会医療法人 祐生会 みどりヶ丘病院茨木みどりヶ丘病院
S00410,臨床工学技士学科,社会医療法人 寿楽会 大野記念病院,医療法人良秀会藤井病院・高石藤井病院・泉南藤井病院・泉北藤井病院,シップヘルスケアホールディングス株式会社（シップヘルスケアグループ）
S00411,診療放射線技師学科,社会医療法人 協和会加納総合病院ハートフルクリニック北大阪病院淀川介護老人保健施設ハートフル,医療法人社団 石鎚会京都田辺中央病院/京都田辺記念病院/同志社山手病院/やすらぎ保育園/介護老人保健施設やすらぎ苑,一般財団法人 滋賀保健研究センター
S00412,介護福祉科,社会医療法人三車会貴志川リハビリテーション病院,医療法人 弘善会グループ,医療法人 せいふう会 ①川西リハビリテーション病院②伊丹せいふう病院③阪神リハビリテーション病院④宇治リハビリテーション病院
S00413,社会福祉専攻科,社会福祉法人 南湖会【障がい児者支援事業】,株式会社 シーアイ・パートナーズグループ,
S00414,介護福祉科,医療法人社団 石鎚会京都田辺中央病院/京都田辺記念病院/同志社山手病院/やすらぎ保育園/介護老人保健施設やすらぎ苑,医療法人 恵生会恵生会病院,医療法人 芙蓉会南草津病院 / ケアタウン南草津
S00415,社会福祉科,株式会社 Ｔ’Ｓコーポレーショングループ,株式会社 シーアイ・パートナーズグループ,医療法人社団 創生会
S00416,救急救命士学科,社会医療法人 祐生会 みどりヶ丘病院茨木みどりヶ丘病院,,
S00417,医療科学部 臨床工学科,医療法人社団 石鎚会京都田辺中央病院/京都田辺記念病院/同志社山手病院/やすらぎ保育園/介護老人保健施設やすらぎ苑,公益財団法人総合病院浅香山病院,医療法人社団 洛和会
S00418,薬業科,協和商事株式会社オーエスドラッグ・オーエス薬局,Ｉ＆Ｈ株式会社,くまのみ整骨院・鍼灸院グループ株式会社くまのみ
S00419,介護福祉学科,社会医療法人 きつこう会,医療法人 神明会,特定医療法人 健和会介護老人保健施設ふれあい
S00420,看護学科,社会医療法人 祥和会脳神経センター大田記念病院,医療法人 藤井会,社会福祉法人 愛徳福祉会南大阪小児リハビリテーション病院大阪発達総合療育センター
S00421,社会福祉科,社会福祉法人京都府社会福祉事業団,一般社団法人 水口病院,株式会社 ミック・ジャパン【ミック健康の森】【ドラッグミック】【ローソンドラッグミック】
S00422,臨床検査技師科,医療法人 徳洲会 岸和田徳洲会病院,株式会社 大阪血清微生物研究所,株式会社 メディック
S00423,柔道整復師学科,株式会社 ＴＡＧたぶし鍼灸整骨院グループ,カラダのミカタ鍼灸整骨院,株式会社 ＨＳコーポレーションひらいはりきゅう整骨院
S00424,精神保健福祉科,社会福祉法人 大阪自彊館,社会福祉法人 ヒューマンライツ福祉協会,社会福祉法人 産経新聞厚生文化事業団
S00425,精神保健福祉科,社会福祉法人 産経新聞厚生文化事業団,社会福祉法人 大阪自彊館,社会福祉法人 みなと寮（救護施設・特別養護老人ホーム）
S00426,診療放射線技師学科,社会医療法人 愛仁会,社会医療法人 祐生会 みどりヶ丘病院茨木みどりヶ丘病院,医療法人 藤井会
S00427,柔道整復師学科,ＭＡＩＬＥ株式会社まいれ整骨院グループ,株式会社 あっ晴みなみ鍼灸整骨院グループ,株式会社 あい・グループ
S00428,柔道整復師学科,株式会社 Ｄｒ.トレーニング,ＥＭＰＯＷＥＲＭＥＮＴ（株）平川接骨院/針灸治療院グループ,株式会社 ＡＺあず整骨院併設パーソナルジムAZ
S00429,柔道整復スポーツ学科,MOVEACTION株式会社,ＶＩＶＡ鍼灸整骨院グループ（株式会社 Ｌｏｏｐ Ｑｕｅｓｔ）,児童発達支援・放課後等デイサービスＬＵＭＯ（株式会社 Ｇｏｔｏｓｃｈｏｏｌグループ募集）
S00430,薬業科,協和商事株式会社オーエスドラッグ・オーエス薬局,Ｉ＆Ｈ株式会社,株式会社 ミック・ジャパン【ミック健康の森】【ドラッグミック】【ローソンドラッグミック】
S00431,臨床工学技士学科,社会医療法人 彩樹守口敬仁会病院,医療法人社団 石鎚会京都田辺中央病院/京都田辺記念病院/同志社山手病院/やすらぎ保育園/介護老人保健施設やすらぎ苑,医療法人 藤井会
S00432,鍼灸師学科,ハリココ鍼灸整体院株式会社 prime coco,株式会社 ａｎｄ,ＭＡＩＬＥ株式会社まいれ整骨院グループ
S00433,視能訓練士学科,社会医療法人 弘道会守口生野記念病院・なにわ生野病院・萱島生野病院・寝屋川生野病院,和泉市立総合医療センター（指定管理者医療法人徳洲会）,医療法人 成和会
S00434,鍼灸スポーツ学科,（株）ＨＩＴＯＭＩＯテクノロジーズ・ReCORE鍼灸接骨院グループ,株式会社 Ｍｅｄｉｃａｌ Ｏｎｅ Ｊａｐａｎにしもと整骨院・鍼灸院,株式会社 ハイレンふじもと鍼灸整骨院グループ
S00435,医療心理科,社会医療法人寿栄会 ありまこうげんホスピタル,社会福祉法人 みなと寮（救護施設・特別養護老人ホーム）,一般社団法人 水口病院
S00436,医療科学部 臨床工学科,社会医療法人三車会貴志川リハビリテーション病院,医療法人春秋会城山病院,医療法人 信和会（明和病院・めいわリハビリテーション病院）
S00437,スポーツ科学科,株式会社 春,社会医療法人栄公会 佐野記念病院,医療法人社団 創生会
S00438,介護福祉学科,社会医療法人 弘道会守口生野記念病院・なにわ生野病院・萱島生野病院・寝屋川生野病院,医療法人 協和会川西市立総合医療センター（指定管理）/箕面市立病院（指定管理）/協和会病院/千里中央病院/協立記念病院/第二協立病院/協和マリナホスピタル,医療法人 徳洲会 介護老人保健施設 吹田徳州苑
S00439,柔道整復師学科,株式会社 ＴＬＳイルカ整骨院グループ,三田やすらぎ整骨院・鍼灸院,e-rise株式会社 foryou鍼灸整骨院グループ
S00440,救急救命士学科,社会医療法人 祐生会 みどりヶ丘病院茨木みどりヶ丘病院,,
S00441,情報学科,医療法人社団 千春会,社会医療法人 弘道会守口生野記念病院・なにわ生野病院・萱島生野病院・寝屋川生野病院,社会医療法人 畿内会岡波総合病院
S00442,看護学科,医療法人 徳洲会 八尾徳洲会総合病院,社会医療法人 山弘会上山病院,医療法人 芙蓉会南草津病院 / ケアタウン南草津
S00443,臨床検査技師科,株式会社 近畿予防医学研究所株式会社 オー・ピー・エル,医療法人朋愛会健診・医療部,医療法人社団 石鎚会京都田辺中央病院/京都田辺記念病院/同志社山手病院/やすらぎ保育園/介護老人保健施設やすらぎ苑
S00444,看護学科,社会医療法人 大道会,社会医療法人 三宝会南港病院,社会福祉法人 寺田萬寿会 寺田萬寿病院
S00445,医療心理科,株式会社 ミック・ジャパン【ミック健康の森】【ドラッグミック】【ローソンドラッグミック】,社会福祉法人京都府社会福祉事業団,一般社団法人 水口病院
S00446,社会福祉専攻科,社会福祉法人 南湖会【障がい児者支援事業】,株式会社 シーアイ・パートナーズグループ,
S00447,言語聴覚士学科,医療法人昭圭会南芦屋浜病院,医療法人 青松会 河西田村病院                                    介護老人保健施設パインドーム,社会医療法人ペガサス馬場記念病院
S00448,介護福祉学科,社会福祉法人 慈仁会,社会福祉法人 加島友愛会,医療法人 新生会総合病院高の原中央病院
S00449,臨床検査技師科,小豆島中央病院,株式会社 メディック（メディック堺）,株式会社 近畿予防医学研究所株式会社 オー・ピー・エル
S00450,視能訓練士学科,医療法人 成和会,和泉市立総合医療センター（指定管理者医療法人徳洲会）,社会医療法人 弘道会守口生野記念病院・なにわ生野病院・萱島生野病院・寝屋川生野病院
S00451,スポーツ科学科,株式会社 春,医療法人社団 創生会,社会医療法人栄公会 佐野記念病院
S00452,介護福祉科,社会医療法人 祐生会 みどりヶ丘病院茨木みどりヶ丘病院,社会福祉法人 英芳会,医療法人 吉栄会
S00453,臨床検査技師科,医療法人社団 石鎚会京都田辺中央病院/京都田辺記念病院/同志社山手病院/やすらぎ保育園/介護老人保健施設やすらぎ苑,一般財団法人 滋賀保健研究センター,社会福祉法人恩賜財団 大阪府済生会茨木医療福祉センター
S00454,臨床工学技士専攻科,社会医療法人 愛仁会,社会医療法人 祥和会脳神経センター大田記念病院,医療法人社団 洛和会
S00455,看護学科,株式会社 ＣＬＡＮ,医療法人仁風会 牧野病院・社会福祉法人光風会 たちばなの里,社会医療法人 信愛会交野病院
S00456,鍼灸美容学科,株式会社 ＧＥＮＫＩＤＯ,株式会社 Ｍｅｄｉｃａｌ Ｏｎｅ Ｊａｐａｎにしもと整骨院・鍼灸院,株式会社 ICHINOSHIKI一野式整骨院グループ
S00457,視能訓練士学科,和泉市立総合医療センター（指定管理者医療法人徳洲会）,社会医療法人 弘道会守口生野記念病院・なにわ生野病院・萱島生野病院・寝屋川生野病院,医療法人 成和会
S00458,医療福祉総合学科,医療法人社団 千春会,医療法人 徳洲会 高砂西部病院,社会医療法人 山紀会
S00459,社会福祉科,社会福祉法人 ヒューマンライツ福祉協会,社会福祉法人 みなと寮（救護施設・特別養護老人ホーム）,一般社団法人 水口病院
S00460,医療福祉総合学科,社会福祉法人大阪暁明館大阪暁明館病院,社会福祉法人 松柏会,社会福祉法人 加島友愛会
S00461,作業療法士学科,美杉会グループ（佐藤病院・男山病院他）,社会医療法人 祥和会脳神経センター大田記念病院,医療法人 藤井会
S00462,医療総合学科,医療法人社団 石鎚会京都田辺中央病院/京都田辺記念病院/同志社山手病院/やすらぎ保育園/介護老人保健施設やすらぎ苑,医療法人 朗源会おおくま病院,和泉市立総合医療センター（指定管理者医療法人徳洲会）
S00463,スポーツ科学科,社会福祉法人 聖徳会,医療法人社団 創生会,社会医療法人栄公会 佐野記念病院
S00464,医療心理科,児童発達支援・放課後等デイサービスＬＵＭＯ（株式会社 Ｇｏｔｏｓｃｈｏｏｌグループ募集）,社会福祉法人 ヒューマンライツ福祉協会,社会福祉法人 みなと寮（救護施設・特別養護老人ホーム）
S00465,社会福祉科,社会福祉法人 みなと寮（救護施設・特別養護老人ホーム）,株式会社 ミック・ジャパン【ミック健康の森】【ドラッグミック】【ローソンドラッグミック】,社会福祉法人 天心会小阪病院
S00466,情報学科,社会福祉法人恩賜財団 大阪府済生会茨木医療福祉センター,医療法人春秋会城山病院,社会医療法人 岡本病院（財団）京都岡本記念病院・くみやま岡本病院
S00467,医療心理科,株式会社 Ｔ’Ｓコーポレーショングループ,社会福祉法人 ヒューマンライツ福祉協会,医療法人 正正会 分野病院
S00468,専攻科,医療法人一祐会寝屋川・藤本病院グループ,社会医療法人ペガサス馬場記念病院,医療法人社団 石鎚会京都田辺中央病院/京都田辺記念病院/同志社山手病院/やすらぎ保育園/介護老人保健施設やすらぎ苑
S00469,柔道整復スポーツ学科,有限会社 Ｊ－ＲＡＤＩＡＮＣＥかがやき整骨院グループ,株式会社 ICHINOSHIKI一野式整骨院グループ,ＧＯＤＨＡＮＤ株式会社
S00470,医療心理科,株式会社スバコ・ケア・エンジニアリング,株式会社 ミック・ジャパン【ミック健康の森】【ドラッグミック】【ローソンドラッグミック】,社会福祉法人 大阪自彊館
S00471,精神保健福祉科,一般社団法人 水口病院,社会福祉法人京都府社会福祉事業団,株式会社絆ホールディングス
S00472,介護福祉学科,医療法人 恒昭会（藍野病院・藍野花園病院・青葉丘病院）,社会福祉法人恩賜財団大阪府済生会泉尾医療福祉センター,医療法人 信和会（明和病院・めいわリハビリテーション病院）
S00473,鍼灸美容学科,株式会社 サンズ,MOVEACTION株式会社,(有) Ｏｐｔｉｍａｌにしむら鍼灸接骨院グループ
S00474,医療心理科,株式会社 Ｔ’Ｓコーポレーショングループ,医療法人 恒昭会（藍野病院・藍野花園病院・青葉丘病院）,株式会社絆ホールディングス
S00475,臨床工学技士専攻科,社会医療法人 彩樹守口敬仁会病院,社会医療法人 愛仁会,社会医療法人 畿内会岡波総合病院
S00476,臨床工学技士科,社会医療法人 弘道会守口生野記念病院・なにわ生野病院・萱島生野病院・寝屋川生野病院,和泉市立総合医療センター（指定管理者医療法人徳洲会）,社会医療法人 祥和会脳神経センター大田記念病院
S00477,医療秘書,医療法人一祐会寝屋川・藤本病院グループ,トータルヘルスケアサービスホロニクスグループ医療法人医誠会,平成医療福祉グループ【医療部門】
S00478,精神保健福祉科,医療法人 正正会 分野病院,社会福祉法人京都府社会福祉事業団,社会福祉法人 大阪自彊館
S00479,保健保育科,社会福祉法人 こばと会,社会福祉法人 松柏会,社会福祉法人 基弘会
S00480,専攻科,社会医療法人 山弘会上山病院,医療法人 愛泉会愛泉会病院,医療法人春秋会城山病院
S00481,鍼灸スポーツ学科,株式会社グッドライフ,株式会社 スマイル,笑顔道鍼灸接骨院
S00482,鍼灸スポーツ学科,株式会社 ミライズミライズ整体院,社会医療法人栄公会 佐野記念病院,エルフレッチェ鍼灸接骨院グループ
S00483,作業療法士学科,医療法人 成和会,社会福祉法人 基弘会,医療法人 徳洲会 野崎徳州会病院
S00484,医療総合学科,医療法人昭圭会南芦屋浜病院,医療法人 寿山会（喜馬病院及び高齢者施設、鍼灸院、リハ特化型デイサービス等）,医療法人 徳洲会 岸和田徳洲会病院
S00485,鍼灸師学科,㈱Ｈｅａｌｉｎｇ Ｈａｎｄ（ヒーリングハンド）,ＭＡＩＬＥ株式会社まいれ整骨院グループ,児童発達支援・放課後等デイサービスＬＵＭＯ（株式会社 Ｇｏｔｏｓｃｈｏｏｌグループ募集）
S00486,診療放射線技師学科,医療法人 青松会 河西田村病院                                    介護老人保健施設パインドーム,社会医療法人 協和会加納総合病院ハートフルクリニック北大阪病院淀川介護老人保健施設ハートフル,医療法人社団 洛和会
S00487,社会福祉科,医療法人 正正会 分野病院,社会福祉法人京都府社会福祉事業団,社会福祉法人 みなと寮（救護施設・特別養護老人ホーム）
S00488,介護福祉学科,社会医療法人 きつこう会,医療法人 新生会総合病院高の原中央病院,医療法人 神明会
S00489,診療放射線技師学科,医療法人社団 洛和会,医療法人 徳洲会 野崎徳州会病院,平成医療福祉グループ【医療部門】
S00490,薬業科,Ｉ＆Ｈ株式会社,協和商事株式会社オーエスドラッグ・オーエス薬局,くまのみ整骨院・鍼灸院グループ株式会社くまのみ
S00491,理学療法士学科,医療法人 晋真会ベリタス病院,株式会社 New Gateみらい整骨院グループ,医療法人 愛泉会愛泉会病院
S00492,保健保育科,社会福祉法人 石井記念愛染園,株式会社 Ｓｍｉｌｅ Ｇｒｏｕｐ,社会福祉法人 南湖会【障がい児者支援事業】
S00493,看護学科,社会医療法人 三宝会南港病院,医療法人社団アールアンドオー 静清リハビリテーション病院/しずおか整形外科病院,医療法人 恵生会恵生会病院
S00494,柔道整復師学科,エルフレッチェ鍼灸接骨院グループ,（株）ｉｎｄｏｍｉｔａｂｌｅ筋膜専門なごみ鍼灸整骨院,日本セラピー株式会社
S00495,介護福祉学科,社会福祉法人 弘道福祉会,社会医療法人 きつこう会,社会福祉法人 ヒューマンライツ福祉協会
S00496,医療心理科,医療法人 正正会 分野病院,児童発達支援・放課後等デイサービスＬＵＭＯ（株式会社 Ｇｏｔｏｓｃｈｏｏｌグループ募集）,医療法人 恒昭会（藍野病院・藍野花園病院・青葉丘病院）
S00497,救急救命士学科,社会医療法人 祐生会 みどりヶ丘病院茨木みどりヶ丘病院,,
S00498,言語聴覚士学科,医療法人昭圭会南芦屋浜病院,医療法人 せいふう会 ①川西リハビリテーション病院②伊丹せいふう病院③阪神リハビリテーション病院④宇治リハビリテーション病院,医療法人 清水会①京都リハビリテーション病院②脳神経リハビリ北大路病院
S00499,スポーツ科学科,社会医療法人栄公会 佐野記念病院,株式会社 春,ＭＡＩＬＥ株式会社まいれ整骨院グループ
S00500,医療福祉総合学科,医療法人 隆星会,医療法人仁風会 牧野病院・社会福祉法人光風会 たちばなの里,医療法人 徳洲会 岸和田徳洲会病院
S00501,理学療法士学科,医療法人 橘会東住吉森本病院・東住吉森本リハビリテーション病院,医療法人 弘善会グループ,株式会社 Ｓｍｉｌｅ Ｇｒｏｕｐ
S00502,柔道整復師学科,株式会社 フューチャーシップ,モリワキメディカルグループ,株式会社 Ｍｅｄｉｃａｌ Ｏｎｅ Ｊａｐａｎにしもと整骨院・鍼灸院
S00503,保健保育科,児童発達支援＆放課後デイサービスキックオフチャイルド・ケアセンター,社会福祉法人 みおつくし福祉会,社会福祉法人 こばと会
S00504,鍼灸師学科,株式会社 フューチャーシップ,株式会社 Ｙ・Ｏ・Ｉ ＪＡＰＡＮ,株式会社 わだちグループ
S00505,言語聴覚士学科,医療法人 マックシール巽病院（急性期）/巽今宮病院（回復・慢性期）/巽病院介護老人保健施設/巽病院訪問看護ステーション,発達支援ルームピースプラント,児童発達支援＆放課後デイサービスキックオフチャイルド・ケアセンター
S00506,臨床検査技師科,社会福祉法人恩賜財団 大阪府済生会茨木医療福祉センター,医療法人春秋会城山病院,医療法人 徳洲会 八尾徳洲会総合病院
S00507,臨床検査技師科,一般財団法人 滋賀保健研究センター,社会医療法人 弘道会守口生野記念病院・なにわ生野病院・萱島生野病院・寝屋川生野病院,和泉市立総合医療センター（指定管理者医療法人徳洲会）
S00508,社会福祉専攻科,株式会社 シーアイ・パートナーズグループ,社会福祉法人 南湖会【障がい児者支援事業】,
S00509,言語聴覚士学科,医療法人 尚和会宝塚第一病院  宝塚リハビリテーション病院,株式会社 Ｓｍｉｌｅ Ｇｒｏｕｐ,医療法人 徳洲会 岸和田徳洲会病院
S00510,専攻科,医療法人仁風会 牧野病院・社会福祉法人光風会 たちばなの里,社会医療法人ささき会藍の都脳神経外科病院,医療法人 寿山会（喜馬病院及び高齢者施設、鍼灸院、リハ特化型デイサービス等）
S00511,精神保健福祉科,社会福祉法人 産経新聞厚生文化事業団,社会福祉法人 ヒューマンライツ福祉協会,医療法人 恒昭会（藍野病院・藍野花園病院・青葉丘病院）
S00512,医療福祉総合学科,社会医療法人 信愛会交野病院,社会医療法人 弘道会守口生野記念病院・なにわ生野病院・萱島生野病院・寝屋川生野病院,KHS（きつこう会ヘルスケアシステム）
S00513,鍼灸師学科,株式会社 サンライズサンライズ鍼灸整骨院,株式会社 Ｍｅｄｉｃａｌ Ｏｎｅ Ｊａｐａｎにしもと整骨院・鍼灸院,株式会社 ハートメディカル
S00514,鍼灸スポーツ学科,株式会社 リーフ,TREE（ツリー）鍼灸整骨院,株式会社 ＧＥＮＫＩＤＯ
S00515,社会福祉科,社会福祉法人 みなと寮（救護施設・特別養護老人ホーム）,社会福祉法人 南湖会【障がい児者支援事業】,社会医療法人寿栄会 ありまこうげんホスピタル
S00516,看護学科,医療法人 鴻池会介護老人保健施設 鴻池荘/グループホーム琴弾の家,清水会グループ医療法人清水会(もりぐち清水会病院)社会福祉法人清水福祉会,社会福祉法人 聖徳会
S00517,視能訓練士学科,和泉市立総合医療センター（指定管理者医療法人徳洲会）,社会医療法人 弘道会守口生野記念病院・なにわ生野病院・萱島生野病院・寝屋川生野病院,医療法人 成和会
S00518,薬業科,くまのみ整骨院・鍼灸院グループ株式会社くまのみ,Ｉ＆Ｈ株式会社,協和商事株式会社オーエスドラッグ・オーエス薬局
S00519,医療福祉総合学科,株式会社 スギ薬局,社会医療法人 弘道会守口生野記念病院・なにわ生野病院・萱島生野病院・寝屋川生野病院,医療法人社団 石鎚会京都田辺中央病院/京都田辺記念病院/同志社山手病院/やすらぎ保育園/介護老人保健施設やすらぎ苑
S00520,社会福祉科,株式会社 ミック・ジャパン【ミック健康の森】【ドラッグミック】【ローソンドラッグミック】,医療法人社団 創生会,社会福祉法人京都府社会福祉事業団
S00521,医療総合学科,社会医療法人栄公会 佐野記念病院,医療法人昭圭会南芦屋浜病院,社会医療法人ささき会藍の都脳神経外科病院
S00522,介護福祉学科,医療法人 せいふう会 ①川西リハビリテーション病院②伊丹せいふう病院③阪神リハビリテーション病院④宇治リハビリテーション病院,社会医療法人栄公会 佐野記念病院,医療法人 新生会総合病院高の原中央病院
S00523,保健保育科,発達支援ルームピースプラント,社会医療法人ペガサス馬場記念病院,社会福祉法人 ヒューマンライツ福祉協会
S00524,社会福祉専攻科,社会福祉法人 南湖会【障がい児者支援事業】,株式会社 シーアイ・パートナーズグループ,
S00525,言語聴覚士学科,社会医療法人 三宝会南港病院,社会医療法人 弘道会守口生野記念病院・なにわ生野病院・萱島生野病院・寝屋川生野病院,国立病院機構 近畿グループ20病院
S00526,理学療法士学科,社会医療法人ささき会藍の都脳神経外科病院,医療法人 興世会介護老人保健施設石きり,株式会社 Ｔ’Ｓコーポレーショングループ
S00527,作業療法士学科,医療法人 信和会（明和病院・めいわリハビリテーション病院）,医療法人良秀会藤井病院・高石藤井病院・泉南藤井病院・泉北藤井病院,社会福祉連携推進法人 日の出医療福祉グループ
S00528,薬業科,Ｉ＆Ｈ株式会社,協和商事株式会社オーエスドラッグ・オーエス薬局,くまのみ整骨院・鍼灸院グループ株式会社くまのみ
S00529,作業療法士学科,医療法人 吉栄会,社会医療法人 岡本病院（財団）京都岡本記念病院・くみやま岡本病院,医療法人 神明会
S00530,専攻科,社会医療法人 山弘会上山病院,美杉会グループ（佐藤病院・男山病院他）,医療法人 育和会育和会記念病院
S00531,臨床工学技士学科,社会医療法人 若弘会若草第一病院、わかくさ竜間リハビリテーション病院,社会医療法人 畿内会岡波総合病院,社会医療法人 彩樹守口敬仁会病院
S00532,臨床工学技士科,社会医療法人 愛仁会,医療法人社団 洛和会,和泉市立総合医療センター（指定管理者医療法人徳洲会）
S00533,スポーツ科学科,株式会社 春,社会福祉法人 聖徳会,医療法人社団 創生会
S00534,柔道整復師学科,株式会社 ＡＺあず整骨院併設パーソナルジムAZ,株式会社 フューチャーシップ,エルフレッチェ鍼灸接骨院グループ
S00535,情報学科,社会医療法人 岡本病院（財団）京都岡本記念病院・くみやま岡本病院,美杉会グループ（佐藤病院・男山病院他）,社会医療法人ペガサス馬場記念病院
S00536,作業療法士学科,社会医療法人 祥和会脳神経センター大田記念病院,社会医療法人ペガサス馬場記念病院,医療法人 神明会
S00537,臨床検査技師科,小豆島中央病院,医療法人 徳洲会 八尾徳洲会総合病院,一般財団法人 滋賀保健研究センター
S00538,診療放射線技師学科,医療法人 徳洲会 野崎徳州会病院,医療法人 藤井会,医療法人 青松会 河西田村病院                                    介護老人保健施設パインドーム
S00539,専攻科,医療法人 徳洲会 八尾徳洲会総合病院,医療法人 尚和会宝塚第一病院  宝塚リハビリテーション病院,医療法人社団 千春会
S00540,社会福祉専攻科,株式会社 シーアイ・パートナーズグループ,社会福祉法人 南湖会【障がい児者支援事業】,
S00541,介護福祉科,社会福祉法人恩賜財団 大阪府済生会茨木医療福祉センター,医療法人 藤井会,社会福祉法人 英芳会
S00542,柔道整復スポーツ学科,株式会社 あおばＨＤ,アスリート鍼灸整骨院株式会社 アーチ,医療法人 寿山会（喜馬病院及び高齢者施設、鍼灸院、リハ特化型デイサービス等）
S00543,社会福祉専攻科,社会福祉法人 南湖会【障がい児者支援事業】,株式会社 シーアイ・パートナーズグループ,
S00544,臨床工学技士科,社会医療法人 畿内会岡波総合病院,トータルヘルスケアサービスホロニクスグループ医療法人医誠会,社会医療法人三車会貴志川リハビリテーション病院
S00545,情報学科,社会医療法人 弘道会守口生野記念病院・なにわ生野病院・萱島生野病院・寝屋川生野病院,社会福祉法人大阪暁明館大阪暁明館病院,社会医療法人明生会
S00546,看護学科,医療法人 尚和会宝塚第一病院  宝塚リハビリテーション病院,医療法人 育和会育和会記念病院,公益財団法人 唐澤記念会 大阪脳神経外科病院
S00547,医療心理科,社会福祉法人 ヒューマンライツ福祉協会,株式会社絆ホールディングス,医療法人社団 創生会
S00548,臨床工学技士専攻科,医療法人 藤井会,医療法人 徳洲会 野崎徳州会病院,医療法人社団 石鎚会京都田辺中央病院/京都田辺記念病院/同志社山手病院/やすらぎ保育園/介護老人保健施設やすらぎ苑
S00549,救急救命士学科,社会医療法人 祐生会 みどりヶ丘病院茨木みどりヶ丘病院,,
S00550,作業療法士学科,医療法人 弘善会グループ,社会医療法人 大道会,医療法人 成和会
S00551,臨床工学技士専攻科,医療法人 新生会総合病院高の原中央病院,社会医療法人 畿内会岡波総合病院,医療法人 徳洲会 八尾徳洲会総合病院
S00552,鍼灸師学科,ＥＭＰＯＷＥＲＭＥＮＴ（株）平川接骨院/針灸治療院グループ,ｉＣｕｒｅテクノロジー株式会社iCure鍼灸接骨院グループ,有限会社 トータルケアまえいけあさひ鍼灸整骨院
S00553,臨床工学技士科,医療法人 新生会総合病院高の原中央病院,社会医療法人 岡本病院（財団）京都岡本記念病院・くみやま岡本病院,社会医療法人三車会貴志川リハビリテーション病院
S00554,臨床工学技士専攻科,医療法人社団 洛和会,社会医療法人 彩樹守口敬仁会病院,医療法人良秀会藤井病院・高石藤井病院・泉南藤井病院・泉北藤井病院
S00555,精神保健福祉科,社会福祉法人京都府社会福祉事業団,公益財団法人総合病院浅香山病院,医療法人 恒昭会（藍野病院・藍野花園病院・青葉丘病院）
S00556,医療秘書,医療法人 徳洲会 高砂西部病院,医療法人 愛泉会愛泉会病院,医療福祉生活協同組合 おおさかコープおおさか病院
S00557,作業療法士学科,児童発達支援・放課後等デイサービスＬＵＭＯ（株式会社 Ｇｏｔｏｓｃｈｏｏｌグループ募集）,社会福祉法人 天心会小阪病院,医療法人社団 千春会
S00558,医療科学部 臨床工学科,医療法人社団 石鎚会京都田辺中央病院/京都田辺記念病院/同志社山手病院/やすらぎ保育園/介護老人保健施設やすらぎ苑,社会医療法人三車会貴志川リハビリテーション病院,医療法人 藤井会
S00559,鍼灸スポーツ学科,社会福祉連携推進法人 日の出医療福祉グループ,カラダのミカタ鍼灸整骨院,株式会社 ＴＬＳイルカ整骨院グループ
S00560,鍼灸スポーツ学科,株式会社KOSHIKI定額制美容鍼サロンHARINATURE,株式会社 あっ晴みなみ鍼灸整骨院グループ,サンキューグループ
S00561,柔道整復スポーツトレーナー学科,ＭＡＩＬＥ株式会社まいれ整骨院グループ,株式会社SYNERGYJAPANぷらす鍼灸整骨院グループ,株式会社 クラシオン
S00562,鍼灸スポーツ学科,株式会社 ＡＺあず整骨院併設パーソナルジムAZ,児童発達支援・放課後等デイサービスＬＵＭＯ（株式会社 Ｇｏｔｏｓｃｈｏｏｌグループ募集）,株式会社 ハートメディカル
S00563,臨床工学技士科,社会医療法人 彩樹守口敬仁会病院,社会医療法人 畿内会岡波総合病院,医療法人 信和会（明和病院・めいわリハビリテーション病院）
S00564,臨床検査技師科,小豆島中央病院,社会医療法人 祥和会脳神経センター大田記念病院,一般財団法人 滋賀保健研究センター
S00565,臨床工学技士学科,シップヘルスケアホールディングス株式会社（シップヘルスケアグループ）,社会医療法人三車会貴志川リハビリテーション病院,社会医療法人 祥和会脳神経センター大田記念病院
S00566,理学療法士学科,社会医療法人 愛仁会,児童発達支援・放課後等デイサービスＬＵＭＯ（株式会社 Ｇｏｔｏｓｃｈｏｏｌグループ募集）,医療法人 明倫会宮地病院/本山リハビリテーション病院/老人保健施設あずさ
S00567,看護学科,医療福祉生活協同組合 おおさかコープおおさか病院,社会福祉法人 青山会,医療法人社団 十善会野瀬病院
S00568,作業療法士学科,医療法人 回生会京都回生病院,特定医療法人 健和会介護老人保健施設ふれあい,医療法人社団 十善会野瀬病院
S00569,作業療法士学科,社会医療法人寿栄会 ありまこうげんホスピタル,社会医療法人 大道会,医療法人社団 洛和会
S00570,理学療法士学科,西院ＦＲＥＥ整骨院,医療法人社団 創生会,医療法人愛幸会天仁病院    医療法人社団 薫楓会緑駿病院
S00571,社会福祉専攻科,株式会社 シーアイ・パートナーズグループ,社会福祉法人 南湖会【障がい児者支援事業】,
S00572,臨床工学技士科,医療法人 徳洲会 野崎徳州会病院,社会医療法人三車会貴志川リハビリテーション病院,シップヘルスケアホールディングス株式会社（シップヘルスケアグループ）
S00573,理学療法士学科,医療法人社団 洛和会,医療法人 せいわ会  大阪たつみリハビリテーション病院,医療法人 恒昭会（藍野病院・藍野花園病院・青葉丘病院）
S00574,鍼灸スポーツ学科,株式会社 ＨＳコーポレーションひらいはりきゅう整骨院,社会医療法人栄公会 佐野記念病院,有限会社 エーケーメディカル
S00575,救急救命士学科,社会医療法人 祐生会 みどりヶ丘病院茨木みどりヶ丘病院,,
S00576,救急救命士学科,社会医療法人 祐生会 みどりヶ丘病院茨木みどりヶ丘病院,,
S00577,医療科学部 臨床工学科,社会医療法人 若弘会若草第一病院、わかくさ竜間リハビリテーション病院,医療法人 徳洲会 八尾徳洲会総合病院,医療法人良秀会藤井病院・高石藤井病院・泉南藤井病院・泉北藤井病院
S00578,臨床工学技士学科,医療法人良秀会藤井病院・高石藤井病院・泉南藤井病院・泉北藤井病院,医療法人 徳洲会 八尾徳洲会総合病院,医療法人 藤井会
S00579,鍼灸師学科,ODAIJINI鍼灸整骨院,縁～en～鍼灸整骨院,株式会社 心身堂グループ
S00580,臨床工学技士学科,社会医療法人 畿内会岡波総合病院,社会医療法人 弘道会守口生野記念病院・なにわ生野病院・萱島生野病院・寝屋川生野病院,医療法人 徳洲会 八尾徳洲会総合病院
S00581,介護福祉科,社会福祉法人 弘道福祉会,医療法人社団 松下会 白庭病院東生駒病院/グランファミリア,株式会社絆ホールディングス
S00582,柔道整復スポーツトレーナー学科,株式会社 あい・グループ,(有) Ｏｐｔｉｍａｌにしむら鍼灸接骨院グループ,株式会社 Ｄｒ.トレーニング
S00583,臨床検査技師科,株式会社 近畿予防医学研究所株式会社 オー・ピー・エル,医療法人 藤井会,一般財団法人 滋賀保健研究センター
S00584,保健保育科,社会福祉法人 ともしび福祉会,株式会社 シーアイ・パートナーズグループ,社会福祉法人 松柏会
S00585,鍼灸スポーツ学科,株式会社 ａｎｄ,株式会社 リーフ,株式会社 ミライズミライズ整体院
S00586,柔道整復スポーツ学科,株式会社SYNERGYJAPANぷらす鍼灸整骨院グループ,株式会社 ゆうしんゆうしん鍼灸整骨院,株式会社 Ｍｅｄｉｃａｌ Ｏｎｅ Ｊａｐａｎにしもと整骨院・鍼灸院
S00587,介護福祉学科,医療法人社団 創生会,社会福祉法人 玉美福祉会,社会福祉法人 慶生会
S00588,柔道整復師学科,株式会社 ICHINOSHIKI一野式整骨院グループ,有限会社 Ｊ－ＲＡＤＩＡＮＣＥかがやき整骨院グループ,株式会社 Ｄｒ.トレーニング
S00589,臨床工学技士専攻科,社会医療法人 彩樹守口敬仁会病院,和泉市立総合医療センター（指定管理者医療法人徳洲会）,医療法人 新生会総合病院高の原中央病院
S00590,臨床検査技師科,一般財団法人 滋賀保健研究センター,医療法人 徳洲会 野崎徳州会病院,医療法人 徳洲会 岸和田徳洲会病院
S00591,介護福祉学科,医療法人 隆星会,特定医療法人 健和会介護老人保健施設ふれあい,医療法人 新生会総合病院高の原中央病院
S00592,臨床工学技士専攻科,医療法人社団 石鎚会京都田辺中央病院/京都田辺記念病院/同志社山手病院/やすらぎ保育園/介護老人保健施設やすらぎ苑,トータルヘルスケアサービスホロニクスグループ医療法人医誠会,社会医療法人 祥和会脳神経センター大田記念病院
S00593,情報学科,医療法人社団 千春会,社会医療法人 山弘会上山病院,医療法人 橘会東住吉森本病院・東住吉森本リハビリテーション病院
S00594,薬業科,くまのみ整骨院・鍼灸院グループ株式会社くまのみ,Ｉ＆Ｈ株式会社,株式会社 ミック・ジャパン【ミック健康の森】【ドラッグミック】【ローソンドラッグミック】
S00595,臨床工学技士学科,和泉市立総合医療センター（指定管理者医療法人徳洲会）,医療法人 信和会（明和病院・めいわリハビリテーション病院）,医療法人 徳洲会 野崎徳州会病院
S00596,医療科学部 臨床工学科,医療法人 藤井会,社会医療法人 祐生会 みどりヶ丘病院茨木みどりヶ丘病院,社会医療法人三車会貴志川リハビリテーション病院
S00597,臨床工学技士学科,トータルヘルスケアサービスホロニクスグループ医療法人医誠会,社会医療法人 祐生会 みどりヶ丘病院茨木みどりヶ丘病院,医療法人 徳洲会 野崎徳州会病院
S00598,言語聴覚士学科,社会医療法人ささき会藍の都脳神経外科病院,社会医療法人有隣会東大阪病院,医療法人 青松会 河西田村病院                                    介護老人保健施設パインドーム
S00599,薬業科,協和商事株式会社オーエスドラッグ・オーエス薬局,Ｉ＆Ｈ株式会社,くまのみ整骨院・鍼灸院グループ株式会社くまのみ
S00600,社会福祉科,株式会社 ミック・ジャパン【ミック健康の森】【ドラッグミック】【ローソンドラッグミック】,社会福祉法人 南湖会【障がい児者支援事業】,一般社団法人 水口病院
S00601,情報学科,社会医療法人甲友会西宮協立脳神経外科病院西宮協立リハビリテーション病院,医療法人 寿山会（喜馬病院及び高齢者施設、鍼灸院、リハ特化型デイサービス等）,医療法人 晋真会ベリタス病院
S00602,柔道整復スポーツトレーナー学科,医療法人明寿会林原整形外科株式会社JOIN,株式会社 ＧＥＮＫＩＤＯ,ながとも整骨院
S00603,救急救命士学科,社会医療法人 祐生会 みどりヶ丘病院茨木みどりヶ丘病院,,
S00604,臨床検査技師科,株式会社 メディック,株式会社 ピーシーエルジャパン （病理・細胞診検査）,医療法人春秋会城山病院
S00605,医療秘書,一般社団法人 水口病院,株式会社 スギ薬局,医療法人 朗源会おおくま病院
S00606,診療放射線技師学科,社会医療法人 協和会加納総合病院ハートフルクリニック北大阪病院淀川介護老人保健施設ハートフル,一般財団法人 滋賀保健研究センター,社会福祉連携推進法人 日の出医療福祉グループ
S00607,作業療法士学科,社会医療法人 医真会医真会八尾総合病院/医真会総合クリニックス/医真会八尾リハビリテーション病院/介護老人保健施設あおぞら,医療法人 藤井会,医療法人明寿会林原整形外科株式会社JOIN
S00608,臨床工学技士学科,和泉市立総合医療センター（指定管理者医療法人徳洲会）,医療法人社団 洛和会,医療法人春秋会城山病院
S00609,薬業科,くまのみ整骨院・鍼灸院グループ株式会社くまのみ,株式会社 ミック・ジャパン【ミック健康の森】【ドラッグミック】【ローソンドラッグミック】,Ｉ＆Ｈ株式会社
S00610,医療福祉総合学科,医療福祉生活協同組合 おおさかコープおおさか病院,株式会社絆ホールディングス,社会福祉法人 東寿会
S00611,作業療法士学科,医療法人篤友会関西リハビリテーション病院 / 坂本病院,医療法人 正正会 分野病院,社会医療法人ペガサス馬場記念病院
S00612,鍼灸師学科,株式会社 ＨＳコーポレーションひらいはりきゅう整骨院,メディカルアース株式会社だいふく鍼灸整骨院グループ,（株）ＨＩＴＯＭＩＯテクノロジーズ・ReCORE鍼灸接骨院グループ
S00613,介護福祉科,医療法人 明倫会宮地病院/本山リハビリテーション病院/老人保健施設あずさ,医療法人社団 石鎚会京都田辺中央病院/京都田辺記念病院/同志社山手病院/やすらぎ保育園/介護老人保健施設やすらぎ苑,医療法人社団 十善会野瀬病院
S00614,精神保健福祉科,社会福祉法人京都府社会福祉事業団,社会福祉法人 産経新聞厚生文化事業団,一般社団法人 水口病院
S00615,薬業科,株式会社 ミック・ジャパン【ミック健康の森】【ドラッグミック】【ローソンドラッグミック】,協和商事株式会社オーエスドラッグ・オーエス薬局,Ｉ＆Ｈ株式会社
S00616,保健保育科,社会福祉法人 石井記念愛染園,株式会社 タスク・フォース,社会福祉法人 加島友愛会
S00617,理学療法士学科,株式会社絆ホールディングス,社会医療法人 協和会加納総合病院ハートフルクリニック北大阪病院淀川介護老人保健施設ハートフル,一般社団法人 隆起会(整形外科クリニック)
S00618,柔道整復スポーツトレーナー学科,株式会社 Ｙ・Ｏ・Ｉ ＪＡＰＡＮ,（株）ＨＩＴＯＭＩＯテクノロジーズ・ReCORE鍼灸接骨院グループ,株式会社 ジオナOK整骨院グループ
S00619,精神保健福祉科,株式会社スバコ・ケア・エンジニアリング,株式会社絆ホールディングス,社会福祉法人 産経新聞厚生文化事業団
S00620,情報学科,社会医療法人 山弘会上山病院,医療法人春秋会城山病院,医療法人 寿山会（喜馬病院及び高齢者施設、鍼灸院、リハ特化型デイサービス等）
S00621,診療放射線技師学科,一般財団法人 滋賀保健研究センター,医療法人社団 洛和会,社会医療法人 愛仁会
S00622,鍼灸美容学科,ＭＡＩＬＥ株式会社まいれ整骨院グループ,（株）ＨＩＴＯＭＩＯテクノロジーズ・ReCORE鍼灸接骨院グループ,有限会社 トータルケアまえいけあさひ鍼灸整骨院
S00623,情報学科,社会医療法人ささき会藍の都脳神経外科病院,社会医療法人三車会貴志川リハビリテーション病院,医療法人仁風会 牧野病院・社会福祉法人光風会 たちばなの里
S00624,医療科学部 臨床工学科,トータルヘルスケアサービスホロニクスグループ医療法人医誠会,医療法人社団 石鎚会京都田辺中央病院/京都田辺記念病院/同志社山手病院/やすらぎ保育園/介護老人保健施設やすらぎ苑,医療法人 徳洲会 野崎徳州会病院
S00625,臨床工学技士科,社会医療法人 岡本病院（財団）京都岡本記念病院・くみやま岡本病院,社会医療法人 若弘会若草第一病院、わかくさ竜間リハビリテーション病院,トータルヘルスケアサービスホロニクスグループ医療法人医誠会
S00626,臨床工学技士学科,トータルヘルスケアサービスホロニクスグループ医療法人医誠会,社会医療法人 祥和会脳神経センター大田記念病院,医療法人 信和会（明和病院・めいわリハビリテーション病院）
S00627,鍼灸師学科,株式会社 ＮＯＭＯＫＯＴＳＵ野本鍼灸整骨院グループ,株式会社 サンライズサンライズ鍼灸整骨院,ＥＭＰＯＷＥＲＭＥＮＴ（株）平川接骨院/針灸治療院グループ
S00628,医療科学部 臨床工学科,社会医療法人 弘道会守口生野記念病院・なにわ生野病院・萱島生野病院・寝屋川生野病院,医療法人 藤井会,社会医療法人三車会貴志川リハビリテーション病院
S00629,医療福祉総合学科,株式会社 ミック・ジャパン【ミック健康の森】【ドラッグミック】【ローソンドラッグミック】,社会医療法人 山弘会上山病院,医療法人 寿山会（喜馬病院及び高齢者施設、鍼灸院、リハ特化型デイサービス等）
S00630,臨床工学技士学科,社会医療法人 弘道会守口生野記念病院・なにわ生野病院・萱島生野病院・寝屋川生野病院,社会医療法人三車会貴志川リハビリテーション病院,シップヘルスケアホールディングス株式会社（シップヘルスケアグループ）
S00631,医療心理科,社会福祉法人 産経新聞厚生文化事業団,社会福祉法人 ヒューマンライツ福祉協会,社会福祉法人 天心会小阪病院
S00632,鍼灸美容学科,有限会社 こじまのぞみ整骨院グループ,有限会社 エーケーメディカル,株式会社 ＴｅｎＡｎｔあったか骨盤整骨院
S00633,臨床工学技士科,社会医療法人 若弘会若草第一病院、わかくさ竜間リハビリテーション病院,医療法人春秋会城山病院,社会医療法人 祥和会脳神経センター大田記念病院
S00634,臨床工学技士専攻科,医療法人 徳洲会 野崎徳州会病院,社会医療法人 祐生会 みどりヶ丘病院茨木みどりヶ丘病院,医療法人春秋会城山病院
S00635,専攻科,医療法人 徳洲会 高砂西部病院,社会医療法人明生会,医療法人 徳洲会 八尾徳洲会総合病院
S00636,医療総合学科,社会医療法人明生会,医療法人一祐会寝屋川・藤本病院グループ,株式会社 春
S00637,臨床工学技士専攻科,医療法人社団 洛和会,医療法人 徳洲会 野崎徳州会病院,医療法人良秀会藤井病院・高石藤井病院・泉南藤井病院・泉北藤井病院
S00638,救急救命士学科,社会医療法人 祐生会 みどりヶ丘病院茨木みどりヶ丘病院,,
S00639,鍼灸美容学科,株式会社 クラシオン,エルフレッチェ鍼灸接骨院グループ,リハビリ特化型デイサービスリハテラス
S00640,鍼灸美容学科,カラダのミカタ鍼灸整骨院,e-rise株式会社 foryou鍼灸整骨院グループ,株式会社SYNERGYJAPANぷらす鍼灸整骨院グループ
S00641,医療総合学科,医療法人 徳洲会 八尾徳洲会総合病院,医療法人春秋会城山病院,医療法人一祐会寝屋川・藤本病院グループ
S00642,視能訓練士学科,社会医療法人 弘道会守口生野記念病院・なにわ生野病院・萱島生野病院・寝屋川生野病院,和泉市立総合医療センター（指定管理者医療法人徳洲会）,医療法人 成和会
S00643,理学療法士学科,株式会社 New Gateみらい整骨院グループ,尼崎医療生協病院（医療分野）,社会医療法人ささき会藍の都脳神経外科病院
S00644,言語聴覚士学科,医療法人 成和会,医療法人 徳洲会 八尾徳洲会総合病院,シミズ病院グループ 医療法人 清仁会シミズ病院・洛西シミズ病院・洛西ニュータウン病院・亀岡シミズ病院・シミズふないの里・シミズひまわりの里・シミズ四条大宮クリニック
S00645,臨床工学技士専攻科,社会医療法人 寿楽会 大野記念病院,医療法人社団 洛和会,社会医療法人三車会貴志川リハビリテーション病院
S00646,医療心理科,社会福祉法人 みなと寮（救護施設・特別養護老人ホーム）,一般社団法人 水口病院,株式会社 Ｔ’Ｓコーポレーショングループ
S00647,作業療法士学科,国立病院機構 近畿グループ20病院,社会医療法人 清恵会 清恵会病院  (三宝病院),医療法人社団 千春会
S00648,保健保育科,社会福祉法人 石井記念愛染園,社会福祉法人 加島友愛会,社会医療法人ペガサス馬場記念病院
S00649,保健保育科,社会福祉法人 加島友愛会,平成医療福祉グループ【医療部門】,社会福祉法人 聖ヨハネ学園
S00650,専攻科,医療法人 愛泉会愛泉会病院,一般社団法人 水口病院,医療法人一祐会寝屋川・藤本病院グループ
S00651,介護福祉学科,社会福祉法人 みなと寮（救護施設・特別養護老人ホーム）,医療法人良秀会藤井病院・高石藤井病院・泉南藤井病院・泉北藤井病院,社会医療法人 祐生会 みどりヶ丘病院茨木みどりヶ丘病院
S00652,スポーツ科学科,社会医療法人栄公会 佐野記念病院,株式会社 春,医療法人社団 創生会
S00653,看護学科,和泉市立総合医療センター（指定管理者医療法人徳洲会）,社会医療法人 北斗会さわ病院,美杉会グループ（佐藤病院・男山病院他）
S00654,柔道整復スポーツ学科,株式会社 ＡＺあず整骨院併設パーソナルジムAZ,有限会社 エーケーメディカル,有限会社 Ｊ－ＲＡＤＩＡＮＣＥかがやき整骨院グループ
S00655,社会福祉専攻科,株式会社 シーアイ・パートナーズグループ,社会福祉法人 南湖会【障がい児者支援事業】,
S00656,柔道整復スポーツ学科,株式会社 ＴｅｎＡｎｔあったか骨盤整骨院,株式会社 ＧＥＮＫＩＤＯ,日本セラピー株式会社
S00657,介護福祉学科,医療法人 吉栄会,株式会社 Ｔ’Ｓコーポレーショングループ,社会福祉法人恩賜財団 大阪府済生会茨木医療福祉センター
S00658,介護福祉学科,医療法人 徳洲会 介護老人保健施設 吹田徳州苑,小豆島中央病院,医療法人仁風会 牧野病院・社会福祉法人光風会 たちばなの里
S00659,医療科学部 臨床工学科,社会医療法人 彩樹守口敬仁会病院,社会医療法人 祥和会脳神経センター大田記念病院,社会医療法人 若弘会若草第一病院、わかくさ竜間リハビリテーション病院
S00660,医療心理科,社会福祉法人京都府社会福祉事業団,医療法人 正正会 分野病院,社会福祉法人 みなと寮（救護施設・特別養護老人ホーム）
S00661,視能訓練士学科,医療法人 成和会,和泉市立総合医療センター（指定管理者医療法人徳洲会）,社会医療法人 弘道会守口生野記念病院・なにわ生野病院・萱島生野病院・寝屋川生野病院
S00662,救急救命士学科,社会医療法人 祐生会 みどりヶ丘病院茨木みどりヶ丘病院,,
S00663,柔道整復師学科,株式会社 ハートメディカル,株式会社 あい・グループ,株式会社 スマイル
S00664,救急救命士学科,社会医療法人 祐生会 みどりヶ丘病院茨木みどりヶ丘病院,,
S00665,スポーツ科学科,医療法人社団 創生会,社会医療法人栄公会 佐野記念病院,ＭＡＩＬＥ株式会社まいれ整骨院グループ
S00666,理学療法士学科,医療法人社団 創生会,社会医療法人寿栄会 ありまこうげんホスピタル,医療福祉生活協同組合 おおさかコープおおさか病院
S00667,介護福祉科,社会福祉法人 慈仁会,社会福祉連携推進法人 日の出医療福祉グループ,社会福祉法人 こばと会
S00668,介護福祉科,美杉会グループ（佐藤病院・男山病院他）,医療法人 恒昭会（藍野病院・藍野花園病院・青葉丘病院）,医療法人社団 石鎚会京都田辺中央病院/京都田辺記念病院/同志社山手病院/やすらぎ保育園/介護老人保健施設やすらぎ苑
S00669,柔道整復スポーツトレーナー学科,株式会社 Ｙ・Ｏ・Ｉ ＪＡＰＡＮ,社会医療法人栄公会 佐野記念病院,ハリココ鍼灸整体院株式会社 prime coco
S00670,医療総合学科,社会医療法人 畿内会岡波総合病院,医療福祉生活協同組合 おおさかコープおおさか病院,社会医療法人 祐生会 みどりヶ丘病院茨木みどりヶ丘病院
S00671,専攻科,社会医療法人 協和会加納総合病院ハートフルクリニック北大阪病院淀川介護老人保健施設ハートフル,社会医療法人 山弘会上山病院,医療法人 愛泉会愛泉会病院
S00672,看護学科,医療法人 せいふう会 ①川西リハビリテーション病院②伊丹せいふう病院③阪神リハビリテーション病院④宇治リハビリテーション病院,社会福祉法人 松柏会,平成医療福祉グループ【医療部門】
S00673,救急救命士学科,社会医療法人 祐生会 みどりヶ丘病院茨木みどりヶ丘病院,,
S00674,診療放射線技師学科,社会医療法人 愛仁会,医療法人 青松会 河西田村病院                                    介護老人保健施設パインドーム,一般財団法人 滋賀保健研究センター
S00675,柔道整復師学科,有限会社 こじまのぞみ整骨院グループ,ながとも整骨院,医療法人明寿会林原整形外科株式会社JOIN
S00676,専攻科,社会医療法人ささき会藍の都脳神経外科病院,社会医療法人 三宝会南港病院,医療法人 朗源会おおくま病院
S00677,救急救命士学科,社会医療法人 祐生会 みどりヶ丘病院茨木みどりヶ丘病院,,
S00678,視能訓練士学科,社会医療法人 弘道会守口生野記念病院・なにわ生野病院・萱島生野病院・寝屋川生野病院,和泉市立総合医療センター（指定管理者医療法人徳洲会）,医療法人 成和会
S00679,スポーツ科学科,医療法人社団 創生会,株式会社 春,社会福祉法人 聖徳会
S00680,薬業科,協和商事株式会社オーエスドラッグ・オーエス薬局,くまのみ整骨院・鍼灸院グループ株式会社くまのみ,株式会社 ミック・ジャパン【ミック健康の森】【ドラッグミック】【ローソンドラッグミック】
S00681,視能訓練士学科,社会医療法人 弘道会守口生野記念病院・なにわ生野病院・萱島生野病院・寝屋川生野病院,和泉市立総合医療センター（指定管理者医療法人徳洲会）,医療法人 成和会
S00682,理学療法士学科,社会医療法人 山紀会,社会医療法人 畿内会岡波総合病院,シミズ病院グループ 医療法人 清仁会シミズ病院・洛西シミズ病院・洛西ニュータウン病院・亀岡シミズ病院・シミズふないの里・シミズひまわりの里・シミズ四条大宮クリニック
S00683,介護福祉学科,平成医療福祉グループ【福祉部門】,社会医療法人 協和会加納総合病院ハートフルクリニック北大阪病院淀川介護老人保健施設ハートフル,社会医療法人 山紀会
S00684,精神保健福祉科,公益財団法人総合病院浅香山病院,社会福祉法人 みなと寮（救護施設・特別養護老人ホーム）,株式会社スバコ・ケア・エンジニアリング
S00685,臨床検査技師科,社会福祉法人恩賜財団 大阪府済生会茨木医療福祉センター,医療法人朋愛会健診・医療部,小豆島中央病院
S00686,スポーツ科学科,株式会社 春,社会医療法人栄公会 佐野記念病院,医療法人社団 創生会
S00687,社会福祉専攻科,株式会社 シーアイ・パートナーズグループ,社会福祉法人 南湖会【障がい児者支援事業】,
S00688,視能訓練士学科,和泉市立総合医療センター（指定管理者医療法人徳洲会）,医療法人 成和会,社会医療法人 弘道会守口生野記念病院・なにわ生野病院・萱島生野病院・寝屋川生野病院
S00689,診療放射線技師学科,平成医療福祉グループ【医療部門】,一般財団法人 滋賀保健研究センター,社会医療法人 愛仁会
S00690,医療秘書,社会福祉法人大阪暁明館大阪暁明館病院,医療法人 徳洲会 高砂西部病院,医療法人 鴻池会秋津鴻池病院
S00691,専攻科,医療法人 青松会 河西田村病院                                    介護老人保健施設パインドーム,社会医療法人三車会貴志川リハビリテーション病院,社会医療法人 祐生会 みどりヶ丘病院茨木みどりヶ丘病院
S00692,社会福祉科,社会福祉法人 南湖会【障がい児者支援事業】,社会福祉法人 天心会小阪病院,医療法人 恒昭会（藍野病院・藍野花園病院・青葉丘病院）
S00693,薬業科,くまのみ整骨院・鍼灸院グループ株式会社くまのみ,株式会社 ミック・ジャパン【ミック健康の森】【ドラッグミック】【ローソンドラッグミック】,Ｉ＆Ｈ株式会社
S00694,言語聴覚士学科,医療法人 清水会①京都リハビリテーション病院②脳神経リハビリ北大路病院,社会福祉法人 基弘会,社会医療法人 祐生会 みどりヶ丘病院茨木みどりヶ丘病院
S00695,言語聴覚士学科,医療法人 寿山会（喜馬病院及び高齢者施設、鍼灸院、リハ特化型デイサービス等）,医療法人社団 石鎚会京都田辺中央病院/京都田辺記念病院/同志社山手病院/やすらぎ保育園/介護老人保健施設やすらぎ苑,医療法人社団 十善会野瀬病院
S00696,社会福祉科,社会医療法人寿栄会 ありまこうげんホスピタル,医療法人 正正会 分野病院,株式会社 シーアイ・パートナーズグループ
S00697,社会福祉専攻科,社会福祉法人 南湖会【障がい児者支援事業】,株式会社 シーアイ・パートナーズグループ,
S00698,臨床工学技士科,医療法人 徳洲会 野崎徳州会病院,社会医療法人 祥和会脳神経センター大田記念病院,社会医療法人 若弘会若草第一病院、わかくさ竜間リハビリテーション病院
S00699,医療秘書,平成医療福祉グループ【医療部門】,社会医療法人甲友会西宮協立脳神経外科病院西宮協立リハビリテーション病院,社会医療法人三車会貴志川リハビリテーション病院
S00700,作業療法士学科,児童発達支援・放課後等デイサービスＬＵＭＯ（株式会社 Ｇｏｔｏｓｃｈｏｏｌグループ募集）,株式会社 ＣＬＡＮ,医療法人昭圭会南芦屋浜病院
S00701,専攻科,社会医療法人ペガサス馬場記念病院,医療法人社団 石鎚会京都田辺中央病院/京都田辺記念病院/同志社山手病院/やすらぎ保育園/介護老人保健施設やすらぎ苑,医療法人 朗源会おおくま病院
S00702,医療秘書,美杉会グループ（佐藤病院・男山病院他）,医療法人 朗源会おおくま病院,和泉市立総合医療センター（指定管理者医療法人徳洲会）
S00703,診療放射線技師学科,社会医療法人 祐生会 みどりヶ丘病院茨木みどりヶ丘病院,社会医療法人 協和会加納総合病院ハートフルクリニック北大阪病院淀川介護老人保健施設ハートフル,平成医療福祉グループ【医療部門】
S00704,鍼灸美容学科,日本セラピー株式会社,株式会社 Ｙ・Ｏ・Ｉ ＪＡＰＡＮ,株式会社 あっ晴みなみ鍼灸整骨院グループ
S00705,柔道整復スポーツ学科,（株）ｉｎｄｏｍｉｔａｂｌｅ筋膜専門なごみ鍼灸整骨院,株式会社 ジオナOK整骨院グループ,にほん整体株式会社
S00706,柔道整復スポーツ学科,ＧＯＤＨＡＮＤ株式会社,三田やすらぎ整骨院・鍼灸院,有限会社 スマイルストーリー
S00707,柔道整復スポーツトレーナー学科,カラダのミカタ鍼灸整骨院,日本セラピー株式会社,株式会社 あっ晴みなみ鍼灸整骨院グループ
S00708,社会福祉専攻科,社会福祉法人 南湖会【障がい児者支援事業】,株式会社 シーアイ・パートナーズグループ,
S00709,鍼灸師学科,株式会社 Ｄｒ.トレーニング,株式会社 ＮＯＭＯＫＯＴＳＵ野本鍼灸整骨院グループ,株式会社 ａｎｄ
S00710,介護福祉学科,医療法人 隆星会,株式会社 ミック・ジャパン【ミック健康の森】【ドラッグミック】【ローソンドラッグミック】,社会医療法人明生会
S00711,柔道整復師学科,西院ＦＲＥＥ整骨院,有限会社 トータルケアまえいけあさひ鍼灸整骨院,メディカルアース株式会社だいふく鍼灸整骨院グループ
S00712,鍼灸師学科,株式会社 ＮＯＭＯＫＯＴＳＵ野本鍼灸整骨院グループ,株式会社ＥｔｅｒｎａlＳｍｉｌｅ,有限会社 トータルケアまえいけあさひ鍼灸整骨院
S00713,鍼灸美容学科,株式会社N-LaBo（銀座ハリッチ/NEL）,ＶＩＶＡ鍼灸整骨院グループ（株式会社 Ｌｏｏｐ Ｑｕｅｓｔ）,株式会社 Ｄｒ.トレーニング
S00714,柔道整復スポーツ学科,株式会社 ミック・ジャパン【ミック健康の森】【ドラッグミック】【ローソンドラッグミック】,サンキューグループ,株式会社 ICHINOSHIKI一野式整骨院グループ
S00715,医療秘書,社会医療法人 彩樹守口敬仁会病院,医療法人一祐会寝屋川・藤本病院グループ,医療法人 尚和会宝塚第一病院  宝塚リハビリテーション病院
S00716,柔道整復師学科,株式会社 ミック・ジャパン【ミック健康の森】【ドラッグミック】【ローソンドラッグミック】,株式会社 ｇｉｖｅｒｓこころ整骨院/医療法人社団奥山会奥山整形外科,株式会社 サンライズサンライズ鍼灸整骨院
S00717,医療秘書,医療法人 徳洲会 八尾徳洲会総合病院,株式会社 スギ薬局,医療福祉生活協同組合 おおさかコープおおさか病院
S00718,専攻科,医療法人 青松会 河西田村病院                                    介護老人保健施設パインドーム,医療福祉生活協同組合 おおさかコープおおさか病院,社会医療法人ささき会藍の都脳神経外科病院
S00719,医療科学部 臨床工学科,社会医療法人 寿楽会 大野記念病院,医療法人良秀会藤井病院・高石藤井病院・泉南藤井病院・泉北藤井病院,医療法人社団 洛和会
S00720,臨床工学技士学科,医療法人 新生会総合病院高の原中央病院,社会医療法人三車会貴志川リハビリテーション病院,トータルヘルスケアサービスホロニクスグループ医療法人医誠会
S00721,臨床工学技士科,医療法人春秋会城山病院,医療法人社団 石鎚会京都田辺中央病院/京都田辺記念病院/同志社山手病院/やすらぎ保育園/介護老人保健施設やすらぎ苑,医療法人 信和会（明和病院・めいわリハビリテーション病院）
S00722,看護学科,医療法人 新生会総合病院高の原中央病院,シミズ病院グループ 医療法人 清仁会シミズ病院・洛西シミズ病院・洛西ニュータウン病院・亀岡シミズ病院・シミズふないの里・シミズひまわりの里・シミズ四条大宮クリニック,医療法人 協和会川西市立総合医療センター（指定管理）/箕面市立病院（指定管理）/協和会病院/千里中央病院/協立記念病院/第二協立病院/協和マリナホスピタル
S00723,鍼灸美容学科,ＭＡＩＬＥ株式会社まいれ整骨院グループ,有限会社 Ｊ－ＲＡＤＩＡＮＣＥかがやき整骨院グループ,株式会社 フューチャーシップ
S00724,理学療法士学科,医療法人 晋真会ベリタス病院,株式会社 ｇｉｖｅｒｓこころ整骨院/医療法人社団奥山会奥山整形外科,社会医療法人 山紀会
S00725,医療科学部 臨床工学科,トータルヘルスケアサービスホロニクスグループ医療法人医誠会,医療法人 藤井会,社会医療法人 彩樹守口敬仁会病院
S00726,臨床工学技士科,社会医療法人三車会貴志川リハビリテーション病院,社会医療法人 岡本病院（財団）京都岡本記念病院・くみやま岡本病院,トータルヘルスケアサービスホロニクスグループ医療法人医誠会
S00727,作業療法士学科,社会医療法人 祐生会 みどりヶ丘病院茨木みどりヶ丘病院,医療法人 回生会京都回生病院,社会医療法人 祥和会脳神経センター大田記念病院
S00728,社会福祉科,株式会社スバコ・ケア・エンジニアリング,医療法人 恒昭会（藍野病院・藍野花園病院・青葉丘病院）,社会福祉法人 大阪自彊館
S00729,理学療法士学科,株式会社 Ｓｍｉｌｅ Ｇｒｏｕｐ,社会福祉法人 愛徳福祉会南大阪小児リハビリテーション病院大阪発達総合療育センター,リハビリ特化型デイサービスリハテラス
S00730,精神保健福祉科,医療法人 正正会 分野病院,社会福祉法人京都府社会福祉事業団,株式会社絆ホールディングス
S00731,鍼灸師学科,株式会社 ａｎｄ,株式会社 心身堂グループ,株式会社 シー・エム・シー
S00732,鍼灸美容学科,有限会社 こじまのぞみ整骨院グループ,株式会社 ＡＺあず整骨院併設パーソナルジムAZ,株式会社 ひかりＬ＆Ａひかり鍼灸整骨院
S00733,医療福祉総合学科,社会医療法人甲友会西宮協立脳神経外科病院西宮協立リハビリテーション病院,コスモファーマグループ,社会医療法人ささき会藍の都脳神経外科病院
S00734,臨床工学技士専攻科,医療法人社団 石鎚会京都田辺中央病院/京都田辺記念病院/同志社山手病院/やすらぎ保育園/介護老人保健施設やすらぎ苑,医療法人 新生会総合病院高の原中央病院,社会医療法人 祐生会 みどりヶ丘病院茨木みどりヶ丘病院
S00735,介護福祉学科,社会医療法人 山弘会上山病院,社会福祉法人 英芳会,社会福祉法人 慶生会
S00736,鍼灸師学科,アスリート鍼灸整骨院株式会社 アーチ,株式会社 Ｄｒ.トレーニング,（株）ｉｎｄｏｍｉｔａｂｌｅ筋膜専門なごみ鍼灸整骨院
S00737,医療秘書,一般社団法人 水口病院,医療法人 育和会育和会記念病院,社会医療法人ささき会藍の都脳神経外科病院
S00738,臨床工学技士学科,社会医療法人 岡本病院（財団）京都岡本記念病院・くみやま岡本病院,社会医療法人 彩樹守口敬仁会病院,医療法人 朗源会おおくま病院
S00739,救急救命士学科,社会医療法人 祐生会 みどりヶ丘病院茨木みどりヶ丘病院,,
S00740,保健保育科,社会福祉法人 みおつくし福祉会,発達支援ルームピースプラント,社会医療法人 祐生会 みどりヶ丘病院茨木みどりヶ丘病院
S00741,診療放射線技師学科,社会医療法人 協和会加納総合病院ハートフルクリニック北大阪病院淀川介護老人保健施設ハートフル,一般財団法人 滋賀保健研究センター,医療法人 藤井会
S00742,保健保育科,児童発達支援・放課後等デイサービスＬＵＭＯ（株式会社 Ｇｏｔｏｓｃｈｏｏｌグループ募集）,社会医療法人 祐生会 みどりヶ丘病院茨木みどりヶ丘病院,社会福祉法人 聖徳園
S00743,医療秘書,医療法人昭圭会南芦屋浜病院,社会医療法人 祐生会 みどりヶ丘病院茨木みどりヶ丘病院,平成医療福祉グループ【医療部門】
S00744,柔道整復スポーツトレーナー学科,株式会社 シー・エム・シー,にほん整体株式会社,有限会社 スマイルストーリー
S00745,鍼灸美容学科,株式会社 春,株式会社 リーフ,株式会社 ICHINOSHIKI一野式整骨院グループ
S00746,医療秘書,美杉会グループ（佐藤病院・男山病院他）,尼崎医療生協病院（医療分野）,医療法人社団 千春会
S00747,柔道整復スポーツ学科,株式会社 Ｙ・Ｏ・Ｉ ＪＡＰＡＮ,株式会社 ＧＥＮＫＩＤＯ,くまのみ整骨院・鍼灸院グループ株式会社くまのみ
S00748,精神保健福祉科,医療法人 恒昭会（藍野病院・藍野花園病院・青葉丘病院）,児童発達支援・放課後等デイサービスＬＵＭＯ（株式会社 Ｇｏｔｏｓｃｈｏｏｌグループ募集）,社会福祉法人 産経新聞厚生文化事業団
S00749,鍼灸師学科,モリワキメディカルグループ,サンキューグループ,有限会社 スマイルストーリー
S00750,柔道整復師学科,株式会社 わだちグループ,e-rise株式会社 foryou鍼灸整骨院グループ,TREE（ツリー）鍼灸整骨院
S00751,臨床工学技士学科,社会医療法人 愛仁会,医療法人社団 石鎚会京都田辺中央病院/京都田辺記念病院/同志社山手病院/やすらぎ保育園/介護老人保健施設やすらぎ苑,社会医療法人 若弘会若草第一病院、わかくさ竜間リハビリテーション病院
S00752,社会福祉専攻科,株式会社 シーアイ・パートナーズグループ,社会福祉法人 南湖会【障がい児者支援事業】,
S00753,精神保健福祉科,社会医療法人寿栄会 ありまこうげんホスピタル,社会福祉法人 産経新聞厚生文化事業団,医療法人 恒昭会（藍野病院・藍野花園病院・青葉丘病院）
S00754,言語聴覚士学科,株式会社 Ｔ’Ｓコーポレーショングループ,医療法人 徳洲会 高砂西部病院,発達支援ルームピースプラント
S00755,柔道整復師学科,株式会社 ＧＥＮＫＩＤＯ,株式会社 春,株式会社 ヒューマンアジャスト
S00756,医療総合学科,社会医療法人明生会,社会医療法人ささき会藍の都脳神経外科病院,和泉市立総合医療センター（指定管理者医療法人徳洲会）
S00757,臨床検査技師科,社会医療法人 弘道会守口生野記念病院・なにわ生野病院・萱島生野病院・寝屋川生野病院,医療法人 徳洲会 八尾徳洲会総合病院,社会医療法人 祥和会脳神経センター大田記念病院
S00758,医療科学部 臨床工学科,和泉市立総合医療センター（指定管理者医療法人徳洲会）,社会医療法人 畿内会岡波総合病院,公益財団法人総合病院浅香山病院
S00759,診療放射線技師学科,医療法人社団 石鎚会京都田辺中央病院/京都田辺記念病院/同志社山手病院/やすらぎ保育園/介護老人保健施設やすらぎ苑,医療法人 徳洲会 野崎徳州会病院,医療法人 青松会 河西田村病院                                    介護老人保健施設パインドーム
S00760,医療福祉総合学科,医療福祉生活協同組合 おおさかコープおおさか病院,社会医療法人 山紀会,社会福祉法人 弘道福祉会
S00761,医療科学部 臨床工学科,医療法人 信和会（明和病院・めいわリハビリテーション病院）,社会医療法人 祥和会脳神経センター大田記念病院,医療法人 藤井会
S00762,医療総合学科,医療法人 愛泉会愛泉会病院,コスモファーマグループ,医療法人一祐会寝屋川・藤本病院グループ
S00763,鍼灸美容学科,株式会社 サンライズサンライズ鍼灸整骨院,ＥＭＰＯＷＥＲＭＥＮＴ（株）平川接骨院/針灸治療院グループ,ODAIJINI鍼灸整骨院
S00764,薬業科,株式会社 ミック・ジャパン【ミック健康の森】【ドラッグミック】【ローソンドラッグミック】,Ｉ＆Ｈ株式会社,くまのみ整骨院・鍼灸院グループ株式会社くまのみ
S00765,柔道整復スポーツトレーナー学科,株式会社 ハートメディカル,カラダのミカタ鍼灸整骨院,アスリート鍼灸整骨院株式会社 アーチ
S00766,鍼灸師学科,ハリココ鍼灸整体院株式会社 prime coco,エルフレッチェ鍼灸接骨院グループ,MOVEACTION株式会社
S00767,臨床工学技士科,シップヘルスケアホールディングス株式会社（シップヘルスケアグループ）,社会医療法人 畿内会岡波総合病院,医療法人 徳洲会 八尾徳洲会総合病院
S00768,看護学科,医療法人春秋会城山病院,社会医療法人 協和会加納総合病院ハートフルクリニック北大阪病院淀川介護老人保健施設ハートフル,公益財団法人 甲南会甲南医療センター・六甲アイランド甲南病院
S00769,臨床工学技士専攻科,医療法人 藤井会,公益財団法人総合病院浅香山病院,社会医療法人 彩樹守口敬仁会病院
S00770,介護福祉科,社会医療法人 協和会加納総合病院ハートフルクリニック北大阪病院淀川介護老人保健施設ハートフル,清水会グループ医療法人清水会(もりぐち清水会病院)社会福祉法人清水福祉会,社会福祉法人 石井記念愛染園
S00771,社会福祉科,社会医療法人寿栄会 ありまこうげんホスピタル,公益財団法人総合病院浅香山病院,株式会社 ミック・ジャパン【ミック健康の森】【ドラッグミック】【ローソンドラッグミック】
S00772,柔道整復スポーツ学科,ＶＩＶＡ鍼灸整骨院グループ（株式会社 Ｌｏｏｐ Ｑｕｅｓｔ）,社会福祉法人 ラポール会,株式会社 あっ晴みなみ鍼灸整骨院グループ
S00773,臨床工学技士学科,医療法人良秀会藤井病院・高石藤井病院・泉南藤井病院・泉北藤井病院,医療法人 信和会（明和病院・めいわリハビリテーション病院）,医療法人 朗源会おおくま病院
S00774,専攻科,コスモファーマグループ,医療法人 寿山会（喜馬病院及び高齢者施設、鍼灸院、リハ特化型デイサービス等）,医療法人 徳洲会 岸和田徳洲会病院
S00775,診療放射線技師学科,医療法人 徳洲会 野崎徳州会病院,社会医療法人 協和会加納総合病院ハートフルクリニック北大阪病院淀川介護老人保健施設ハートフル,平成医療福祉グループ【医療部門】
S00776,作業療法士学科,医療法人 せいわ会  大阪たつみリハビリテーション病院,株式会社 Ｔ’Ｓコーポレーショングループ,社会医療法人 畿内会岡波総合病院
S00777,視能訓練士学科,和泉市立総合医療センター（指定管理者医療法人徳洲会）,医療法人 成和会,社会医療法人 弘道会守口生野記念病院・なにわ生野病院・萱島生野病院・寝屋川生野病院
S00778,鍼灸スポーツ学科,株式会社 サンライズサンライズ鍼灸整骨院,株式会社 ミライズミライズ整体院,ｉＣｕｒｅテクノロジー株式会社iCure鍼灸接骨院グループ
S00779,精神保健福祉科,社会福祉法人 大阪自彊館,株式会社 Ｔ’Ｓコーポレーショングループ,社会福祉法人京都府社会福祉事業団
S00780,介護福祉学科,医療法人 せいふう会 ①川西リハビリテーション病院②伊丹せいふう病院③阪神リハビリテーション病院④宇治リハビリテーション病院,株式会社 ハーフ･センチュリー･モア,社会福祉法人 産経新聞厚生文化事業団
S00781,鍼灸師学科,西院ＦＲＥＥ整骨院,サンキューグループ,株式会社 あっ晴みなみ鍼灸整骨院グループ
S00782,医療福祉総合学科,株式会社 Ｔ’Ｓコーポレーショングループ,児童発達支援・放課後等デイサービスＬＵＭＯ（株式会社 Ｇｏｔｏｓｃｈｏｏｌグループ募集）,医療法人 青松会 河西田村病院                                    介護老人保健施設パインドーム
S00783,臨床工学技士学科,医療法人 藤井会,和泉市立総合医療センター（指定管理者医療法人徳洲会）,社会医療法人 愛仁会
S00784,救急救命士学科,社会医療法人 祐生会 みどりヶ丘病院茨木みどりヶ丘病院,,
S00785,看護学科,医療法人 芙蓉会南草津病院 / ケアタウン南草津,社会医療法人 若弘会若草第一病院、わかくさ竜間リハビリテーション病院,医療法人 鴻池会秋津鴻池病院
S00786,視能訓練士学科,和泉市立総合医療センター（指定管理者医療法人徳洲会）,医療法人 成和会,社会医療法人 弘道会守口生野記念病院・なにわ生野病院・萱島生野病院・寝屋川生野病院
S00787,医療福祉総合学科,医療法人仁風会 牧野病院・社会福祉法人光風会 たちばなの里,医療法人 朗源会おおくま病院,シップヘルスケアホールディングス株式会社（シップヘルスケアグループ）
S00788,薬業科,Ｉ＆Ｈ株式会社,協和商事株式会社オーエスドラッグ・オーエス薬局,株式会社 ミック・ジャパン【ミック健康の森】【ドラッグミック】【ローソンドラッグミック】
S00789,医療心理科,社会福祉法人 ヒューマンライツ福祉協会,社会福祉法人 みなと寮（救護施設・特別養護老人ホーム）,社会福祉法人 聖徳会
S00790,臨床工学技士科,医療法人 信和会（明和病院・めいわリハビリテーション病院）,シップヘルスケアホールディングス株式会社（シップヘルスケアグループ）,医療法人 徳洲会 野崎徳州会病院
S00791,臨床検査技師科,医療法人春秋会城山病院,医療法人 徳洲会 野崎徳州会病院,株式会社 ファルコバイオシステムズ・株式会社 ファルコファーマシーズ（ファルコホールディングスグループ）
S00792,医療総合学科,尼崎医療生協病院（医療分野）,トータルヘルスケアサービスホロニクスグループ医療法人医誠会,医療法人 徳洲会 岸和田徳洲会病院
S00793,臨床検査技師科,社会医療法人 協和会加納総合病院ハートフルクリニック北大阪病院淀川介護老人保健施設ハートフル,社会福祉法人恩賜財団 大阪府済生会茨木医療福祉センター,小豆島中央病院
S00794,医療福祉総合学科,株式会社 スギ薬局,医療法人 吉栄会,社会医療法人 岡本病院（財団）京都岡本記念病院・くみやま岡本病院
S00795,精神保健福祉科,株式会社絆ホールディングス,公益財団法人総合病院浅香山病院,社会福祉法人 産経新聞厚生文化事業団
S00796,言語聴覚士学科,医療法人 協和会川西市立総合医療センター（指定管理）/箕面市立病院（指定管理）/協和会病院/千里中央病院/協立記念病院/第二協立病院/協和マリナホスピタル,社会医療法人 山紀会,社会医療法人ペガサス馬場記念病院
S00797,臨床工学技士学科,社会医療法人 若弘会若草第一病院、わかくさ竜間リハビリテーション病院,和泉市立総合医療センター（指定管理者医療法人徳洲会）,医療法人 徳洲会 八尾徳洲会総合病院
S00798,鍼灸美容学科,株式会社ＥｔｅｒｎａlＳｍｉｌｅ,リハビリ特化型デイサービスリハテラス,株式会社 ＧＥＮＫＩＤＯ
S00799,看護学科,医療法人社団アールアンドオー 静清リハビリテーション病院/しずおか整形外科病院,社会医療法人 祐生会 みどりヶ丘病院茨木みどりヶ丘病院,社会医療法人 若弘会若草第一病院、わかくさ竜間リハビリテーション病院
S00800,医療心理科,社会福祉法人 ヒューマンライツ福祉協会,株式会社 ミック・ジャパン【ミック健康の森】【ドラッグミック】【ローソンドラッグミック】,一般社団法人 水口病院
S00801,スポーツ科学科,医療法人社団 創生会,社会医療法人栄公会 佐野記念病院,ＭＡＩＬＥ株式会社まいれ整骨院グループ
S00802,臨床検査技師科,医療法人 徳洲会 岸和田徳洲会病院,医療法人 藤井会,社会医療法人 祐生会 みどりヶ丘病院茨木みどりヶ丘病院
S00803,介護福祉学科,医療法人 弘善会グループ,医療法人 恒昭会（藍野病院・藍野花園病院・青葉丘病院）,社会福祉法人 大阪自彊館
S00804,保健保育科,社会福祉法人 聖隷福祉事業団,社会医療法人 祐生会 みどりヶ丘病院茨木みどりヶ丘病院,社会福祉法人 こばと会
S00805,臨床工学技士科,トータルヘルスケアサービスホロニクスグループ医療法人医誠会,医療法人 藤井会,社会医療法人 岡本病院（財団）京都岡本記念病院・くみやま岡本病院
S00806,言語聴覚士学科,社会医療法人 岡本病院（財団）京都岡本記念病院・くみやま岡本病院,公益財団法人 甲南会甲南医療センター・六甲アイランド甲南病院,株式会社 Ｔ’Ｓコーポレーショングループ
S00807,柔道整復スポーツトレーナー学科,株式会社 ハイレンふじもと鍼灸整骨院グループ,株式会社 ジオナOK整骨院グループ,西院ＦＲＥＥ整骨院
S00808,鍼灸スポーツ学科,西院ＦＲＥＥ整骨院,有限会社 スマイルストーリー,三田やすらぎ整骨院・鍼灸院
S00809,診療放射線技師学科,社会福祉連携推進法人 日の出医療福祉グループ,医療法人 青松会 河西田村病院                                    介護老人保健施設パインドーム,社会医療法人 彩樹守口敬仁会病院
S00810,スポーツ科学科,社会福祉法人 聖徳会,医療法人社団 創生会,ＭＡＩＬＥ株式会社まいれ整骨院グループ
S00811,救急救命士学科,社会医療法人 祐生会 みどりヶ丘病院茨木みどりヶ丘病院,,
S00812,柔道整復スポーツトレーナー学科,縁～en～鍼灸整骨院,株式会社 わだちグループ,モリワキメディカルグループ
S00813,医療科学部 臨床工学科,医療法人社団 石鎚会京都田辺中央病院/京都田辺記念病院/同志社山手病院/やすらぎ保育園/介護老人保健施設やすらぎ苑,社会医療法人 彩樹守口敬仁会病院,医療法人 朗源会おおくま病院
S00814,柔道整復スポーツトレーナー学科,株式会社 ジオナOK整骨院グループ,株式会社SYNERGYJAPANぷらす鍼灸整骨院グループ,株式会社 楽笑
S00815,鍼灸師学科,有限会社 トータルケアまえいけあさひ鍼灸整骨院,笑顔道鍼灸接骨院,株式会社 シー・エム・シー
S00816,社会福祉科,株式会社 ミック・ジャパン【ミック健康の森】【ドラッグミック】【ローソンドラッグミック】,株式会社絆ホールディングス,医療法人 正正会 分野病院
S00817,保健保育科,児童発達支援＆放課後デイサービスキックオフチャイルド・ケアセンター,社会医療法人 祐生会 みどりヶ丘病院茨木みどりヶ丘病院,社会福祉法人 聖ヨハネ学園
S00818,鍼灸美容学科,（株）ＨＩＴＯＭＩＯテクノロジーズ・ReCORE鍼灸接骨院グループ,真聖株式会社平川鍼灸接骨院,株式会社 ａｎｄ
S00819,臨床工学技士科,医療法人 徳洲会 野崎徳州会病院,医療法人社団 石鎚会京都田辺中央病院/京都田辺記念病院/同志社山手病院/やすらぎ保育園/介護老人保健施設やすらぎ苑,医療法人 信和会（明和病院・めいわリハビリテーション病院）
S00820,スポーツ科学科,社会医療法人栄公会 佐野記念病院,医療法人社団 創生会,社会福祉法人 聖徳会
S00821,鍼灸スポーツ学科,（株）ｉｎｄｏｍｉｔａｂｌｅ筋膜専門なごみ鍼灸整骨院,エルフレッチェ鍼灸接骨院グループ,株式会社 ＡＺあず整骨院併設パーソナルジムAZ
S00822,社会福祉専攻科,株式会社 シーアイ・パートナーズグループ,社会福祉法人 南湖会【障がい児者支援事業】,
S00823,精神保健福祉科,株式会社 Ｔ’Ｓコーポレーショングループ,社会福祉法人 天心会小阪病院,株式会社絆ホールディングス
S00824,臨床検査技師科,一般財団法人 滋賀保健研究センター,医療法人仁風会 牧野病院・社会福祉法人光風会 たちばなの里,社会医療法人 弘道会守口生野記念病院・なにわ生野病院・萱島生野病院・寝屋川生野病院
S00825,社会福祉科,株式会社絆ホールディングス,社会福祉法人 聖徳会,社会福祉法人京都府社会福祉事業団
S00826,医療科学部 臨床工学科,医療法人 藤井会,社会医療法人三車会貴志川リハビリテーション病院,医療法人 徳洲会 八尾徳洲会総合病院
S00827,介護福祉学科,社会福祉法人 ともしび福祉会,医療法人 鴻池会介護老人保健施設 鴻池荘/グループホーム琴弾の家,株式会社絆ホールディングス
S00828,理学療法士学科,国立病院機構 近畿グループ20病院,医療法人 徳洲会 松原徳洲会病院,株式会社 ミライズミライズ整体院
S00829,精神保健福祉科,株式会社 ミック・ジャパン【ミック健康の森】【ドラッグミック】【ローソンドラッグミック】,社会福祉法人 みなと寮（救護施設・特別養護老人ホーム）,児童発達支援・放課後等デイサービスＬＵＭＯ（株式会社 Ｇｏｔｏｓｃｈｏｏｌグループ募集）
S00830,医療心理科,社会福祉法人 大阪自彊館,株式会社絆ホールディングス,株式会社スバコ・ケア・エンジニアリング
S00831,柔道整復スポーツトレーナー学科,株式会社 ａｎｄ,株式会社 ジオナOK整骨院グループ,すずらん鍼灸接骨院グループ
S00832,鍼灸美容学科,株式会社N-LaBo（銀座ハリッチ/NEL）,有限会社 スマイルストーリー,株式会社 マーサメディカル
S00833,臨床工学技士学科,医療法人良秀会藤井病院・高石藤井病院・泉南藤井病院・泉北藤井病院,シップヘルスケアホールディングス株式会社（シップヘルスケアグループ）,和泉市立総合医療センター（指定管理者医療法人徳洲会）
S00834,看護学科,医療法人 清水会①京都リハビリテーション病院②脳神経リハビリ北大路病院,美杉会グループ（佐藤病院・男山病院他）,社会医療法人寿栄会 ありまこうげんホスピタル
S00835,社会福祉専攻科,株式会社 シーアイ・パートナーズグループ,社会福祉法人 南湖会【障がい児者支援事業】,
S00836,救急救命士学科,社会医療法人 祐生会 みどりヶ丘病院茨木みどりヶ丘病院,,
S00837,看護学科,社会医療法人 信愛会交野病院,医療法人 徳洲会 八尾徳洲会総合病院,医療法人社団 兼誠会つかぐち病院
S00838,臨床工学技士学科,社会医療法人 祥和会脳神経センター大田記念病院,医療法人良秀会藤井病院・高石藤井病院・泉南藤井病院・泉北藤井病院,医療法人 新生会総合病院高の原中央病院
S00839,救急救命士学科,社会医療法人 祐生会 みどりヶ丘病院茨木みどりヶ丘病院,,
S00840,鍼灸美容学科,株式会社 春,株式会社 ヒューマンアジャスト,株式会社 シー・エム・シー
S00841,情報学科,医療法人 徳洲会 高砂西部病院,医療法人 育和会育和会記念病院,医療法人昭圭会南芦屋浜病院
S00842,医療秘書,社会医療法人 三宝会南港病院,社会医療法人明生会,医療法人 青松会 河西田村病院                                    介護老人保健施設パインドーム
S00843,医療科学部 臨床工学科,公益財団法人総合病院浅香山病院,医療法人 徳洲会 野崎徳州会病院,医療法人 信和会（明和病院・めいわリハビリテーション病院）
S00844,看護学科,医療法人 徳洲会 岸和田徳洲会病院,医療法人 神明会,特定医療法人 健和会介護老人保健施設ふれあい
S00845,作業療法士学科,社会医療法人ペガサス馬場記念病院,医療法人 神明会,清水会グループ医療法人清水会(もりぐち清水会病院)社会福祉法人清水福祉会
S00846,柔道整復スポーツトレーナー学科,㈱Ｈｅａｌｉｎｇ Ｈａｎｄ（ヒーリングハンド）,社会福祉法人 ラポール会,株式会社 ミライズミライズ整体院
S00847,臨床工学技士専攻科,医療法人社団 石鎚会京都田辺中央病院/京都田辺記念病院/同志社山手病院/やすらぎ保育園/介護老人保健施設やすらぎ苑,社会医療法人 若弘会若草第一病院、わかくさ竜間リハビリテーション病院,医療法人 信和会（明和病院・めいわリハビリテーション病院）
S00848,鍼灸スポーツ学科,有限会社 トータルケアまえいけあさひ鍼灸整骨院,ＧＯＤＨＡＮＤ株式会社,西院ＦＲＥＥ整骨院
S00849,作業療法士学科,医療福祉生活協同組合 おおさかコープおおさか病院,社会医療法人 清恵会 清恵会病院  (三宝病院),特定医療法人 健和会介護老人保健施設ふれあい
S00850,社会福祉専攻科,社会福祉法人 南湖会【障がい児者支援事業】,株式会社 シーアイ・パートナーズグループ,
S00851,臨床工学技士学科,社会医療法人三車会貴志川リハビリテーション病院,医療法人 藤井会,社会医療法人 祥和会脳神経センター大田記念病院
S00852,看護学科,医療法人 成和会,医療法人 徳洲会 岸和田徳洲会病院,国立病院機構 近畿グループ20病院
S00853,臨床工学技士科,社会医療法人 寿楽会 大野記念病院,社会医療法人 弘道会守口生野記念病院・なにわ生野病院・萱島生野病院・寝屋川生野病院,社会医療法人 若弘会若草第一病院、わかくさ竜間リハビリテーション病院
S00854,鍼灸師学科,株式会社 ヒューマンアジャスト,株式会社 ＴｅｎＡｎｔあったか骨盤整骨院,西院ＦＲＥＥ整骨院
S00855,情報学科,社会医療法人ささき会藍の都脳神経外科病院,社会医療法人 弘道会守口生野記念病院・なにわ生野病院・萱島生野病院・寝屋川生野病院,医療法人昭圭会南芦屋浜病院
S00856,看護学科,トータルヘルスケアサービスホロニクスグループ医療法人医誠会,社会福祉法人恩賜財団 大阪府済生会茨木医療福祉センター,医療法人社団 千春会
S00857,柔道整復スポーツ学科,株式会社 楽笑,西院ＦＲＥＥ整骨院,株式会社 ＧＥＮＫＩＤＯ
S00858,医療福祉総合学科,コスモファーマグループ,医療法人 寿山会（喜馬病院及び高齢者施設、鍼灸院、リハ特化型デイサービス等）,社会福祉法人 育福会特別養護老人ホーム コティコート北大阪
S00859,救急救命士学科,社会医療法人 祐生会 みどりヶ丘病院茨木みどりヶ丘病院,,
S00860,精神保健福祉科,一般社団法人 水口病院,株式会社 ミック・ジャパン【ミック健康の森】【ドラッグミック】【ローソンドラッグミック】,社会福祉法人 天心会小阪病院
S00861,臨床検査技師科,医療法人仁風会 牧野病院・社会福祉法人光風会 たちばなの里,社会医療法人 山弘会上山病院,医療法人 藤井会
S00862,理学療法士学科,医療法人 芙蓉会南草津病院 / ケアタウン南草津,社会医療法人 祐生会 みどりヶ丘病院茨木みどりヶ丘病院,医療法人一祐会寝屋川・藤本病院グループ
S00863,柔道整復スポーツトレーナー学科,株式会社 New Gateみらい整骨院グループ,TREE（ツリー）鍼灸整骨院,MOVEACTION株式会社
S00864,介護福祉学科,医療法人 神明会,医療法人一祐会寝屋川・藤本病院グループ,社会福祉法人 慈仁会
S00865,介護福祉科,社会医療法人栄公会 佐野記念病院,医療法人 興世会介護老人保健施設石きり,社会福祉法人 こばと会
S00866,診療放射線技師学科,一般財団法人 滋賀保健研究センター,医療法人 青松会 河西田村病院                                    介護老人保健施設パインドーム,社会医療法人 祐生会 みどりヶ丘病院茨木みどりヶ丘病院
S00867,臨床検査技師科,医療法人 徳洲会 松原徳洲会病院,医療法人 徳洲会 八尾徳洲会総合病院,株式会社 ファルコバイオシステムズ・株式会社 ファルコファーマシーズ（ファルコホールディングスグループ）
S00868,医療科学部 臨床工学科,社会医療法人 愛仁会,医療法人 徳洲会 野崎徳州会病院,トータルヘルスケアサービスホロニクスグループ医療法人医誠会
S00869,視能訓練士学科,和泉市立総合医療センター（指定管理者医療法人徳洲会）,医療法人 成和会,社会医療法人 弘道会守口生野記念病院・なにわ生野病院・萱島生野病院・寝屋川生野病院
S00870,鍼灸美容学科,株式会社 健革ＪＡＰＡＮ健スマ整骨院,株式会社 ＮＯＭＯＫＯＴＳＵ野本鍼灸整骨院グループ,株式会社 ひかりＬ＆Ａひかり鍼灸整骨院
S00871,鍼灸スポーツ学科,(有) Ｏｐｔｉｍａｌにしむら鍼灸接骨院グループ,社会福祉連携推進法人 日の出医療福祉グループ,真聖株式会社平川鍼灸接骨院
S00872,鍼灸スポーツ学科,㈱Ｈｅａｌｉｎｇ Ｈａｎｄ（ヒーリングハンド）,株式会社N-LaBo（銀座ハリッチ/NEL）,株式会社 楽笑
S00873,スポーツ科学科,医療法人社団 創生会,ＭＡＩＬＥ株式会社まいれ整骨院グループ,社会医療法人栄公会 佐野記念病院
S00874,鍼灸美容学科,社会福祉連携推進法人 日の出医療福祉グループ,㈱Ｈｅａｌｉｎｇ Ｈａｎｄ（ヒーリングハンド）,株式会社 ヒューマンアジャスト
S00875,臨床工学技士学科,トータルヘルスケアサービスホロニクスグループ医療法人医誠会,和泉市立総合医療センター（指定管理者医療法人徳洲会）,医療法人 藤井会
S00876,介護福祉科,社会福祉法人 みなと寮（救護施設・特別養護老人ホーム）,医療法人 恵生会恵生会病院,医療法人 鴻池会介護老人保健施設 鴻池荘/グループホーム琴弾の家
S00877,鍼灸美容学科,株式会社 ＡＭＢＥＲ,MOVEACTION株式会社,株式会社 リーフ
S00878,柔道整復スポーツ学科,すずらん鍼灸接骨院グループ,株式会社ＥｔｅｒｎａlＳｍｉｌｅ,エルフレッチェ鍼灸接骨院グループ
S00879,言語聴覚士学科,医療法人 明倫会宮地病院/本山リハビリテーション病院/老人保健施設あずさ,医療法人 青松会 河西田村病院                                    介護老人保健施設パインドーム,株式会社 Ｓｍｉｌｅ Ｇｒｏｕｐ
S00880,言語聴覚士学科,社会医療法人 畿内会岡波総合病院,医療法人 晋真会ベリタス病院,社会医療法人明生会
S00881,情報学科,社会医療法人明生会,医療法人社団 石鎚会京都田辺中央病院/京都田辺記念病院/同志社山手病院/やすらぎ保育園/介護老人保健施設やすらぎ苑,医療法人一祐会寝屋川・藤本病院グループ
S00882,情報学科,社会医療法人 祐生会 みどりヶ丘病院茨木みどりヶ丘病院,社会福祉法人大阪暁明館大阪暁明館病院,一般社団法人 水口病院
S00883,救急救命士学科,社会医療法人 祐生会 みどりヶ丘病院茨木みどりヶ丘病院,,
S00884,鍼灸スポーツ学科,株式会社KOSHIKI定額制美容鍼サロンHARINATURE,株式会社 ａｎｄ,株式会社 Ｄｒ.トレーニング
S00885,鍼灸美容学科,株式会社KOSHIKI定額制美容鍼サロンHARINATURE,(有) Ｏｐｔｉｍａｌにしむら鍼灸接骨院グループ,ODAIJINI鍼灸整骨院
S00886,社会福祉専攻科,株式会社 シーアイ・パートナーズグループ,社会福祉法人 南湖会【障がい児者支援事業】,
S00887,柔道整復師学科,株式会社 ＡＭＢＥＲ,リハビリ特化型デイサービスリハテラス,すずらん鍼灸接骨院グループ
S00888,理学療法士学科,社会福祉連携推進法人 日の出医療福祉グループ,社会福祉法人 川福会,社会福祉法人京都府社会福祉事業団
S00889,保健保育科,社会福祉法人 水仙福祉会,社会福祉法人 名張育成会,児童発達支援・放課後等デイサービスＬＵＭＯ（株式会社 Ｇｏｔｏｓｃｈｏｏｌグループ募集）
S00890,柔道整復スポーツ学科,㈱Ｈｅａｌｉｎｇ Ｈａｎｄ（ヒーリングハンド）,株式会社 春,日本セラピー株式会社
S00891,精神保健福祉科,公益財団法人総合病院浅香山病院,株式会社 ミック・ジャパン【ミック健康の森】【ドラッグミック】【ローソンドラッグミック】,社会福祉法人 大阪自彊館
S00892,情報学科,社会医療法人ささき会藍の都脳神経外科病院,医療法人 徳洲会 岸和田徳洲会病院,社会医療法人 山弘会上山病院
S00893,言語聴覚士学科,清水会グループ医療法人清水会(もりぐち清水会病院)社会福祉法人清水福祉会,医療法人一祐会寝屋川・藤本病院グループ,社会医療法人 三宝会南港病院
S00894,スポーツ科学科,社会福祉法人 聖徳会,医療法人社団 創生会,社会医療法人栄公会 佐野記念病院
S00895,作業療法士学科,医療法人 マックシール巽病院（急性期）/巽今宮病院（回復・慢性期）/巽病院介護老人保健施設/巽病院訪問看護ステーション,医療法人一祐会寝屋川・藤本病院グループ,医療法人 藤井会
S00896,保健保育科,社会福祉法人 ヒューマンライツ福祉協会,社会福祉法人 福知山学園,社会福祉法人 基弘会
S00897,柔道整復師学科,株式会社 あおばＨＤ,株式会社 ＴＡＧたぶし鍼灸整骨院グループ,株式会社 ゆうしんゆうしん鍼灸整骨院
S00898,救急救命士学科,社会医療法人 祐生会 みどりヶ丘病院茨木みどりヶ丘病院,,
S00899,社会福祉専攻科,株式会社 シーアイ・パートナーズグループ,社会福祉法人 南湖会【障がい児者支援事業】,
S00900,介護福祉科,医療法人 寿山会（喜馬病院及び高齢者施設、鍼灸院、リハ特化型デイサービス等）,社会医療法人 祥和会脳神経センター大田記念病院,医療法人 神明会
S00901,医療秘書,社会医療法人 祥和会脳神経センター大田記念病院,医療法人社団 石鎚会京都田辺中央病院/京都田辺記念病院/同志社山手病院/やすらぎ保育園/介護老人保健施設やすらぎ苑,株式会社 アカカベ
S00902,作業療法士学科,公益財団法人総合病院浅香山病院,児童発達支援・放課後等デイサービスＬＵＭＯ（株式会社 Ｇｏｔｏｓｃｈｏｏｌグループ募集）,社会医療法人ささき会藍の都脳神経外科病院
S00903,柔道整復スポーツトレーナー学科,医療法人明寿会林原整形外科株式会社JOIN,株式会社 ＮＯＭＯＫＯＴＳＵ野本鍼灸整骨院グループ,サンキューグループ
S00904,鍼灸スポーツ学科,株式会社ＥｔｅｒｎａlＳｍｉｌｅ,株式会社 ＴｅｎＡｎｔあったか骨盤整骨院,くまのみ整骨院・鍼灸院グループ株式会社くまのみ
S00905,社会福祉専攻科,株式会社 シーアイ・パートナーズグループ,社会福祉法人 南湖会【障がい児者支援事業】,
S00906,保健保育科,社会福祉法人 松柏会,児童発達支援・放課後等デイサービスＬＵＭＯ（株式会社 Ｇｏｔｏｓｃｈｏｏｌグループ募集）,社会福祉法人 聖徳園
S00907,鍼灸スポーツ学科,児童発達支援・放課後等デイサービスＬＵＭＯ（株式会社 Ｇｏｔｏｓｃｈｏｏｌグループ募集）,ＧＯＤＨＡＮＤ株式会社,西院ＦＲＥＥ整骨院
S00908,臨床工学技士専攻科,社会医療法人 愛仁会,トータルヘルスケアサービスホロニクスグループ医療法人医誠会,社会医療法人 彩樹守口敬仁会病院
S00909,視能訓練士学科,和泉市立総合医療センター（指定管理者医療法人徳洲会）,医療法人 成和会,社会医療法人 弘道会守口生野記念病院・なにわ生野病院・萱島生野病院・寝屋川生野病院
S00910,看護学科,(医)やすだ堀口記念病院,医療法人 回生会京都回生病院,社会医療法人 協和会加納総合病院ハートフルクリニック北大阪病院淀川介護老人保健施設ハートフル
S00911,柔道整復スポーツ学科,株式会社 ミライズミライズ整体院,カラダのミカタ鍼灸整骨院,サンキューグループ
S00912,介護福祉学科,社会医療法人 協和会加納総合病院ハートフルクリニック北大阪病院淀川介護老人保健施設ハートフル,医療法人 寿山会（喜馬病院及び高齢者施設、鍼灸院、リハ特化型デイサービス等）,社会福祉法人 基弘会
S00913,鍼灸美容学科,株式会社 リーフ,ＧＯＤＨＡＮＤ株式会社,医療法人明寿会林原整形外科株式会社JOIN
S00914,介護福祉学科,医療法人 明倫会宮地病院/本山リハビリテーション病院/老人保健施設あずさ,小豆島中央病院,平成医療福祉グループ【福祉部門】
S00915,診療放射線技師学科,社会医療法人 協和会加納総合病院ハートフルクリニック北大阪病院淀川介護老人保健施設ハートフル,社会医療法人 祐生会 みどりヶ丘病院茨木みどりヶ丘病院,一般財団法人 滋賀保健研究センター
S00916,保健保育科,平成医療福祉グループ【医療部門】,社会福祉法人 聖徳園,社会福祉法人 隆生福祉会
S00917,視能訓練士学科,医療法人 成和会,和泉市立総合医療センター（指定管理者医療法人徳洲会）,社会医療法人 弘道会守口生野記念病院・なにわ生野病院・萱島生野病院・寝屋川生野病院
S00918,柔道整復スポーツトレーナー学科,株式会社 ひかりＬ＆Ａひかり鍼灸整骨院,サンキューグループ,カラダのミカタ鍼灸整骨院
S00919,社会福祉専攻科,社会福祉法人 南湖会【障がい児者支援事業】,株式会社 シーアイ・パートナーズグループ,
S00920,精神保健福祉科,株式会社スバコ・ケア・エンジニアリング,医療法人 恒昭会（藍野病院・藍野花園病院・青葉丘病院）,株式会社 Ｔ’Ｓコーポレーショングループ
S00921,介護福祉学科,医療法人 恵生会恵生会病院,社会福祉法人恩賜財団大阪府済生会泉尾医療福祉センター,社会福祉法人 ともしび福祉会
S00922,社会福祉科,社会福祉法人京都府社会福祉事業団,社会福祉法人 みなと寮（救護施設・特別養護老人ホーム）,社会福祉法人 産経新聞厚生文化事業団
S00923,柔道整復スポーツトレーナー学科,リハビリ特化型デイサービスリハテラス,すずらん鍼灸接骨院グループ,株式会社 New Gateみらい整骨院グループ
S00924,社会福祉専攻科,株式会社 シーアイ・パートナーズグループ,社会福祉法人 南湖会【障がい児者支援事業】,
S00925,理学療法士学科,株式会社 ｇｉｖｅｒｓこころ整骨院/医療法人社団奥山会奥山整形外科,医療法人 徳洲会 野崎徳州会病院,医療法人 隆星会
S00926,保健保育科,児童発達支援＆放課後デイサービスキックオフチャイルド・ケアセンター,医療法人社団 石鎚会京都田辺中央病院/京都田辺記念病院/同志社山手病院/やすらぎ保育園/介護老人保健施設やすらぎ苑,社会福祉法人 聖ヨハネ学園
S00927,看護学科,医療法人 新生会総合病院高の原中央病院,和泉市立総合医療センター（指定管理者医療法人徳洲会）,小豆島中央病院
S00928,医療心理科,株式会社スバコ・ケア・エンジニアリング,社会福祉法人 みなと寮（救護施設・特別養護老人ホーム）,医療法人 正正会 分野病院
S00929,鍼灸師学科,株式会社 春,メディカルアース株式会社だいふく鍼灸整骨院グループ,三田やすらぎ整骨院・鍼灸院
S00930,専攻科,医療法人社団 千春会,一般社団法人 隆起会(整形外科クリニック),美杉会グループ（佐藤病院・男山病院他）
S00931,救急救命士学科,社会医療法人 祐生会 みどりヶ丘病院茨木みどりヶ丘病院,,
S00932,医療福祉総合学科,医療福祉生活協同組合 おおさかコープおおさか病院,社会医療法人 山紀会,社会福祉法人 大阪自彊館
S00933,柔道整復師学科,株式会社 ＨＳコーポレーションひらいはりきゅう整骨院,株式会社 サンズ,有限会社 トータルケアまえいけあさひ鍼灸整骨院
S00934,臨床工学技士学科,医療法人 徳洲会 野崎徳州会病院,医療法人社団 石鎚会京都田辺中央病院/京都田辺記念病院/同志社山手病院/やすらぎ保育園/介護老人保健施設やすらぎ苑,社会医療法人 寿楽会 大野記念病院
S00935,スポーツ科学科,医療法人社団 創生会,株式会社 春,ＭＡＩＬＥ株式会社まいれ整骨院グループ
S00936,柔道整復スポーツ学科,株式会社 心身堂グループ,株式会社 Ｍｅｄｉｃａｌ Ｏｎｅ Ｊａｐａｎにしもと整骨院・鍼灸院,株式会社 ＫＭＣ小林整骨院グループ
S00937,情報学科,社会医療法人 三宝会南港病院,医療法人 徳洲会 高砂西部病院,和泉市立総合医療センター（指定管理者医療法人徳洲会）
S00938,理学療法士学科,株式会社 ミック・ジャパン【ミック健康の森】【ドラッグミック】【ローソンドラッグミック】,医療法人・社会福祉法人 大潤会グループ,医療法人良秀会藤井病院・高石藤井病院・泉南藤井病院・泉北藤井病院
S00939,臨床工学技士科,医療法人 藤井会,医療法人 徳洲会 八尾徳洲会総合病院,トータルヘルスケアサービスホロニクスグループ医療法人医誠会
S00940,診療放射線技師学科,医療法人社団 洛和会,一般財団法人 滋賀保健研究センター,社会医療法人 協和会加納総合病院ハートフルクリニック北大阪病院淀川介護老人保健施設ハートフル
S00941,柔道整復スポーツトレーナー学科,株式会社 楽笑,株式会社 サンズ,くまのみ整骨院・鍼灸院グループ株式会社くまのみ
S00942,鍼灸美容学科,株式会社 ハイレンふじもと鍼灸整骨院グループ,TREE（ツリー）鍼灸整骨院,株式会社 ＧＥＮＫＩＤＯ
S00943,臨床工学技士専攻科,社会医療法人 愛仁会,社会医療法人 岡本病院（財団）京都岡本記念病院・くみやま岡本病院,医療法人 藤井会
S00944,柔道整復スポーツトレーナー学科,株式会社 わだちグループ,にほん整体株式会社,西院ＦＲＥＥ整骨院
S00945,看護学科,医療法人 隆星会,医療法人 健栄会三康病院,医療法人 芙蓉会南草津病院 / ケアタウン南草津
S00946,柔道整復師学科,株式会社 ＨＳコーポレーションひらいはりきゅう整骨院,株式会社SYNERGYJAPANぷらす鍼灸整骨院グループ,株式会社 ＫＭＣ小林整骨院グループ
S00947,社会福祉専攻科,社会福祉法人 南湖会【障がい児者支援事業】,株式会社 シーアイ・パートナーズグループ,
S00948,看護学科,医療法人 回生会京都回生病院,医療法人 尚和会宝塚第一病院  宝塚リハビリテーション病院,医療法人 協仁会小松病院
S00949,視能訓練士学科,社会医療法人 弘道会守口生野記念病院・なにわ生野病院・萱島生野病院・寝屋川生野病院,医療法人 成和会,和泉市立総合医療センター（指定管理者医療法人徳洲会）
S00950,社会福祉科,株式会社絆ホールディングス,医療法人 恒昭会（藍野病院・藍野花園病院・青葉丘病院）,社会福祉法人 天心会小阪病院
S00951,言語聴覚士学科,社会福祉法人 寺田萬寿会 寺田萬寿病院,医療法人社団 千春会,医療法人社団 洛和会
S00952,鍼灸美容学科,ハリココ鍼灸整体院株式会社 prime coco,株式会社 ＴＬＳイルカ整骨院グループ,株式会社ＥｔｅｒｎａlＳｍｉｌｅ
S00953,社会福祉専攻科,株式会社 シーアイ・パートナーズグループ,社会福祉法人 南湖会【障がい児者支援事業】,
S00954,精神保健福祉科,社会福祉法人 ヒューマンライツ福祉協会,社会福祉法人京都府社会福祉事業団,社会福祉法人 産経新聞厚生文化事業団
S00955,柔道整復スポーツトレーナー学科,有限会社 Ｊ－ＲＡＤＩＡＮＣＥかがやき整骨院グループ,株式会社 Ｄｒ.トレーニング,株式会社 あおばＨＤ
S00956,社会福祉科,社会福祉法人 ヒューマンライツ福祉協会,社会福祉法人京都府社会福祉事業団,医療法人 恒昭会（藍野病院・藍野花園病院・青葉丘病院）
S00957,鍼灸美容学科,社会福祉連携推進法人 日の出医療福祉グループ,メディカルアース株式会社だいふく鍼灸整骨院グループ,株式会社 シー・エム・シー
S00958,社会福祉専攻科,株式会社 シーアイ・パートナーズグループ,社会福祉法人 南湖会【障がい児者支援事業】,
S00959,医療総合学科,医療法人 晋真会ベリタス病院,社会医療法人 畿内会岡波総合病院,医療法人春秋会城山病院
S00960,柔道整復スポーツ学科,アスリート鍼灸整骨院株式会社 アーチ,株式会社 シー・エム・シー,（株）ｉｎｄｏｍｉｔａｂｌｅ筋膜専門なごみ鍼灸整骨院
S00961,専攻科,トータルヘルスケアサービスホロニクスグループ医療法人医誠会,医療法人社団 千春会,医療法人 橘会東住吉森本病院・東住吉森本リハビリテーション病院
S00962,社会福祉科,株式会社スバコ・ケア・エンジニアリング,一般社団法人 水口病院,株式会社 ミック・ジャパン【ミック健康の森】【ドラッグミック】【ローソンドラッグミック】
S00963,介護福祉科,医療法人 恵生会恵生会病院,社会福祉法人 弘道福祉会,清水会グループ医療法人清水会(もりぐち清水会病院)社会福祉法人清水福祉会
S00964,医療科学部 臨床工学科,医療法人 徳洲会 野崎徳州会病院,社会医療法人 畿内会岡波総合病院,社会医療法人 彩樹守口敬仁会病院
S00965,視能訓練士学科,社会医療法人 弘道会守口生野記念病院・なにわ生野病院・萱島生野病院・寝屋川生野病院,和泉市立総合医療センター（指定管理者医療法人徳洲会）,医療法人 成和会
S00966,医療科学部 臨床工学科,医療法人 信和会（明和病院・めいわリハビリテーション病院）,シップヘルスケアホールディングス株式会社（シップヘルスケアグループ）,医療法人春秋会城山病院
S00967,臨床工学技士学科,医療法人 朗源会おおくま病院,社会医療法人 愛仁会,医療法人 信和会（明和病院・めいわリハビリテーション病院）
S00968,鍼灸スポーツ学科,株式会社 ＫＭＣ小林整骨院グループ,すずらん鍼灸接骨院グループ,株式会社 マーサメディカル
S00969,介護福祉学科,医療法人 新生会総合病院高の原中央病院,医療法人 吉栄会,社会福祉法人 寺田萬寿会 寺田萬寿病院
S00970,鍼灸師学科,株式会社SYNERGYJAPANぷらす鍼灸整骨院グループ,株式会社 ＴＬＳイルカ整骨院グループ,株式会社 ミライズミライズ整体院
S00971,介護福祉科,社会福祉法人 弘道福祉会,社会福祉法人 ラポール会,社会福祉法人 慶生会
S00972,スポーツ科学科,ＭＡＩＬＥ株式会社まいれ整骨院グループ,社会医療法人栄公会 佐野記念病院,医療法人社団 創生会
S00973,視能訓練士学科,医療法人 成和会,社会医療法人 弘道会守口生野記念病院・なにわ生野病院・萱島生野病院・寝屋川生野病院,和泉市立総合医療センター（指定管理者医療法人徳洲会）
S00974,鍼灸美容学科,株式会社 ＴｅｎＡｎｔあったか骨盤整骨院,株式会社 あおばＨＤ,有限会社 エーケーメディカル
S00975,社会福祉専攻科,株式会社 シーアイ・パートナーズグループ,社会福祉法人 南湖会【障がい児者支援事業】,
S00976,情報学科,医療法人 青松会 河西田村病院                                    介護老人保健施設パインドーム,医療法人 鴻池会秋津鴻池病院,医療法人 徳洲会 岸和田徳洲会病院
S00977,理学療法士学科,医療法人 隆星会,医療法人 徳洲会 岸和田徳洲会病院,医療福祉生活協同組合 おおさかコープおおさか病院
S00978,柔道整復師学科,株式会社 ＴＬＳイルカ整骨院グループ,株式会社 シー・エム・シー,株式会社グッドライフ
S00979,医療福祉総合学科,社会福祉法人 慈仁会,社会医療法人大阪国際メディカル＆サイエンスセンター大阪けいさつ病院,尼崎医療生協病院（医療分野）
S00980,医療総合学科,医療法人 徳洲会 八尾徳洲会総合病院,医療法人 鴻池会秋津鴻池病院,社会医療法人甲友会西宮協立脳神経外科病院西宮協立リハビリテーション病院
S00981,情報学科,社会医療法人 三宝会南港病院,コスモファーマグループ,一般社団法人 水口病院
S00982,介護福祉科,社会医療法人 弘道会守口生野記念病院・なにわ生野病院・萱島生野病院・寝屋川生野病院,社会医療法人 ＯＮＥ ＦＬＡＧ牧ヘルスケアグループ,医療法人 鴻池会秋津鴻池病院
S00983,柔道整復スポーツ学科,有限会社 Ｊ－ＲＡＤＩＡＮＣＥかがやき整骨院グループ,株式会社グッドライフ,株式会社 スマイル
S00984,診療放射線技師学科,医療法人 徳洲会 野崎徳州会病院,社会医療法人 協和会加納総合病院ハートフルクリニック北大阪病院淀川介護老人保健施設ハートフル,平成医療福祉グループ【医療部門】
S00985,専攻科,社会福祉法人大阪暁明館大阪暁明館病院,医療法人 青松会 河西田村病院                                    介護老人保健施設パインドーム,社会医療法人 畿内会岡波総合病院
S00986,臨床検査技師科,和泉市立総合医療センター（指定管理者医療法人徳洲会）,社会医療法人 祥和会脳神経センター大田記念病院,社会医療法人 協和会加納総合病院ハートフルクリニック北大阪病院淀川介護老人保健施設ハートフル
S00987,柔道整復スポーツ学科,株式会社グッドライフ,株式会社 ミック・ジャパン【ミック健康の森】【ドラッグミック】【ローソンドラッグミック】,ながとも整骨院
S00988,医療科学部 臨床工学科,社会医療法人 寿楽会 大野記念病院,医療法人 徳洲会 八尾徳洲会総合病院,社会医療法人 祐生会 みどりヶ丘病院茨木みどりヶ丘病院
S00989,情報学科,社会医療法人三車会貴志川リハビリテーション病院,社会医療法人大阪国際メディカル＆サイエンスセンター大阪けいさつ病院,株式会社 スギ薬局
S00990,社会福祉専攻科,社会福祉法人 南湖会【障がい児者支援事業】,株式会社 シーアイ・パートナーズグループ,
S00991,鍼灸スポーツ学科,株式会社 ハイレンふじもと鍼灸整骨院グループ,株式会社 ハートメディカル,株式会社 あい・グループ
S00992,看護学科,一般社団法人 水口病院,医療法人 隆星会,社会医療法人 寿楽会 大野記念病院
S00993,医療科学部 臨床工学科,トータルヘルスケアサービスホロニクスグループ医療法人医誠会,社会医療法人 愛仁会,社会医療法人三車会貴志川リハビリテーション病院
S00994,保健保育科,児童発達支援＆放課後デイサービスキックオフチャイルド・ケアセンター,平成医療福祉グループ【医療部門】,社会福祉法人 松柏会
S00995,視能訓練士学科,社会医療法人 弘道会守口生野記念病院・なにわ生野病院・萱島生野病院・寝屋川生野病院,和泉市立総合医療センター（指定管理者医療法人徳洲会）,医療法人 成和会
S00996,視能訓練士学科,社会医療法人 弘道会守口生野記念病院・なにわ生野病院・萱島生野病院・寝屋川生野病院,医療法人 成和会,和泉市立総合医療センター（指定管理者医療法人徳洲会）
S00997,保健保育科,社会医療法人 三宝会南港病院,発達支援ルームピースプラント,社会福祉法人 福知山学園
S00998,救急救命士学科,社会医療法人 祐生会 みどりヶ丘病院茨木みどりヶ丘病院,,
S00999,医療科学部 臨床工学科,シップヘルスケアホールディングス株式会社（シップヘルスケアグループ）,社会医療法人 若弘会若草第一病院、わかくさ竜間リハビリテーション病院,社会医療法人三車会貴志川リハビリテーション病院
S01000,救急救命士学科,社会医療法人 祐生会 みどりヶ丘病院茨木みどりヶ丘病院,,
